district_id,district_name,state,population,rural_population,urban_population,rural_fraction,literacy_rate,female_literacy,sc_pct,st_pct,cultivators,agri_laborers,rural_households,poverty_rate_proxy
1,Andaman Islands,Andaman & Nicobar,462209,252736,209472,0.5468,0.7565,0.6159,0.0134,0.0,29444,13379,54054,0.0993
2,Nicobar Islands,Andaman & Nicobar,674841,428714,246126,0.6353,0.7829,0.6753,0.0898,0.1243,37198,23947,83454,0.0967
3,Anantapur,Andhra Pradesh,963216,633447,329768,0.6576,0.614,0.5387,0.1873,0.1239,110921,82220,116201,0.2921
4,Chittoor,Andhra Pradesh,188901,135872,53028,0.7193,0.723,0.6561,0.0912,0.0,19519,17480,26903,0.29
5,Cuddapah,Andhra Pradesh,212690,146452,66237,0.6886,0.6522,0.5647,0.211,0.1068,16268,19261,29306,0.3528
6,East Godavari,Andhra Pradesh,280481,177367,103113,0.6324,0.5993,0.5311,0.2546,0.0,32548,26034,35816,0.3286
7,Guntur,Andhra Pradesh,639845,469305,170539,0.7335,0.6196,0.5128,0.2101,0.057,43329,25583,106127,0.287
8,Krishna,Andhra Pradesh,629315,400130,229184,0.6358,0.6551,0.5187,0.1283,0.1348,40234,28695,78711,0.3139
9,Kurnool,Andhra Pradesh,248818,166956,81861,0.671,0.6777,0.5371,0.1966,0.0682,24709,14707,40410,0.2589
10,Nellore,Andhra Pradesh,163113,114502,48610,0.702,0.5806,0.4961,0.2409,0.0372,17173,10597,27626,0.3844
11,Prakasam,Andhra Pradesh,709450,377295,332154,0.5318,0.6744,0.5491,0.1084,0.0,79452,47422,76360,0.3335
12,Srikakulam,Andhra Pradesh,299094,175903,123190,0.5881,0.6565,0.6011,0.2451,0.1802,23661,23056,41331,0.388
13,Vishakhapatnam,Andhra Pradesh,265176,148462,116713,0.5599,0.6885,0.6355,0.047,0.0,20523,19028,31347,0.3901
14,Vizianagaram,Andhra Pradesh,164122,81968,82153,0.4994,0.6627,0.5696,0.1209,0.0065,18819,14088,19468,0.3286
15,West Godavari,Andhra Pradesh,94869,59871,34997,0.6311,0.6402,0.4957,0.1591,0.1979,7276,4222,12389,0.2993
16,Changlang,Arunachal Pradesh,187754,157164,30589,0.8371,0.5718,0.3979,0.1769,0.0612,20095,8765,38640,0.3396
17,East Kameng,Arunachal Pradesh,130307,102135,28171,0.7838,0.7455,0.5797,0.1417,0.1143,15367,10359,22395,0.2851
18,East Siang,Arunachal Pradesh,1237501,971015,266485,0.7847,0.5493,0.468,0.2656,0.2868,83818,77756,182802,0.3014
19,Kurung Kumey,Arunachal Pradesh,177055,145444,31610,0.8215,0.6074,0.4923,0.1386,0.1205,14274,14384,34772,0.351
20,Lohit,Arunachal Pradesh,184502,124076,60425,0.6725,0.5735,0.419,0.2141,0.0,12363,14402,26994,0.3182
21,Lower Dibang Valley,Arunachal Pradesh,807910,656870,151039,0.813,0.7286,0.6414,0.1013,0.0531,77264,37272,156007,0.3371
22,Lower Subansiri,Arunachal Pradesh,2714122,2497392,216729,0.9201,0.5753,0.4207,0.0476,0.0091,187154,209226,480709,0.3072
23,Papum Pare,Arunachal Pradesh,318019,217845,100173,0.685,0.5979,0.4993,0.2287,0.0687,19852,11982,50021,0.3894
24,Tawang,Arunachal Pradesh,1574629,1558882,15746,0.99,0.553,0.4257,0.1739,0.2874,91615,104766,366942,0.3156
25,Tirap,Arunachal Pradesh,325442,214794,110647,0.66,0.6183,0.5611,0.1663,0.0134,32926,19518,47977,0.3507
26,Upper Dibang Valley,Arunachal Pradesh,362241,258015,104225,0.7123,0.6572,0.5836,0.347,0.3312,36140,18769,56577,0.3538
27,Upper Siang,Arunachal Pradesh,148757,128718,20038,0.8653,0.6534,0.4832,0.0279,0.1913,17401,11509,24900,0.3728
28,Upper Subansiri,Arunachal Pradesh,286720,218400,68319,0.7617,0.6174,0.5005,0.253,0.0,25683,14145,51880,0.3465
29,West Kameng,Arunachal Pradesh,470897,427663,43233,0.9082,0.5276,0.43,0.127,0.0726,30182,31436,79572,0.3469
30,West Siang,Arunachal Pradesh,929060,748011,181048,0.8051,0.7571,0.6222,0.208,0.0444,70344,65606,173810,0.3812
31,Barpeta,Assam,310978,296579,14398,0.9537,0.6846,0.5402,0.2012,0.0,36305,24228,60643,0.4052
32,Bongaigaon,Assam,207079,161294,45784,0.7789,0.6343,0.5076,0.103,0.1174,23347,15448,33715,0.4022
33,Cachar,Assam,504393,498994,5398,0.9893,0.4876,0.3165,0.1914,0.0,61953,37844,96676,0.3874
34,Darrang,Assam,851519,748170,103348,0.8786,0.6484,0.5632,0.0896,0.0623,61297,70443,160659,0.3413
35,Dhemaji,Assam,1184894,948522,236371,0.8005,0.5744,0.423,0.2091,0.0814,147624,120158,227043,0.4161
36,Dhuburi,Assam,307389,215085,92303,0.6997,0.7443,0.6051,0.1576,0.2371,19352,15100,46121,0.3283
37,Dibrugarh,Assam,550922,485969,64952,0.8821,0.5331,0.3535,0.1538,0.0234,41876,51264,97222,0.384
38,Goalpara,Assam,665375,584423,80951,0.8783,0.6691,0.5878,0.1374,0.1036,85666,53779,144151,0.2809
39,Golaghat,Assam,703353,492737,210615,0.7006,0.5412,0.4602,0.0,0.0,90462,60272,97626,0.4141
40,Hailakandi,Assam,342727,331858,10868,0.9683,0.6384,0.4778,0.1084,0.0,24030,22350,60665,0.3778
41,Jorhat,Assam,495965,385244,110720,0.7768,0.6652,0.5003,0.0218,0.1914,34227,39187,82179,0.4055
42,Kamrup,Assam,311328,275927,35400,0.8863,0.6573,0.4844,0.126,0.0,36226,30413,65344,0.3613
43,Karbi Anglong,Assam,478791,474003,4787,0.99,0.7774,0.71,0.1612,0.2091,41623,30056,102648,0.3454
44,Karimganj,Assam,101554,70494,31059,0.6942,0.5538,0.4991,0.1295,0.3125,11380,8042,13951,0.3837
45,Kokrajhar,Assam,420105,382099,38005,0.9095,0.6083,0.4869,0.0701,0.0808,53865,43695,71693,0.4274
46,Lakhimpur,Assam,346131,292953,53177,0.8464,0.5774,0.4866,0.0904,0.1599,27407,22363,65083,0.3077
47,Marigaon,Assam,765617,546258,219358,0.7135,0.6085,0.451,0.0453,0.2437,84907,42232,120125,0.4333
48,Nagaon,Assam,2511352,2247134,264217,0.8948,0.5928,0.4534,0.0407,0.0443,168374,134513,469362,0.3062
49,Nalbari,Assam,208835,194597,14237,0.9318,0.746,0.6237,0.0879,0.2403,18280,12355,47231,0.4009
50,North Cachar Hills,Assam,445335,438733,6601,0.9852,0.6067,0.5332,0.1186,0.1343,28164,22503,89910,0.3589
51,Sibsagar,Assam,193058,139982,53075,0.7251,0.5742,0.4413,0.1375,0.0496,12960,11262,29106,0.3342
52,Sonitpur,Assam,492884,445824,47059,0.9045,0.6527,0.492,0.1439,0.0432,49236,25754,93892,0.365
53,Tinsukia,Assam,177897,151985,25911,0.8543,0.6554,0.5234,0.0964,0.188,13153,16559,32528,0.3292
54,Araria,Bihar,113720,99455,14264,0.8746,0.6023,0.4609,0.1633,0.0,13835,11621,18572,0.5553
55,Aurangabad,Bihar,143619,123009,20609,0.8565,0.509,0.4441,0.2898,0.0,14276,12134,22459,0.4861
56,Banka,Bihar,1555082,1162982,392099,0.7479,0.4943,0.3433,0.1136,0.1775,213379,110638,224058,0.4536
57,Begusarai,Bihar,219241,181766,37474,0.8291,0.6219,0.4649,0.1814,0.0,18824,19270,35852,0.5638
58,Bhabua,Bihar,189988,147694,42293,0.7774,0.634,0.5776,0.107,0.2541,13059,13137,29445,0.4447
59,Bhagalpur,Bihar,236389,200237,36151,0.8471,0.6794,0.5985,0.0,0.2733,29437,24985,43573,0.484
60,Bhojpur,Bihar,311159,246104,65054,0.7909,0.6246,0.5301,0.0454,0.1639,36670,27602,58523,0.532
61,Buxar,Bihar,90713,81020,9692,0.8932,0.5567,0.4421,0.1378,0.2801,6523,3788,17312,0.5415
62,Darbhanga,Bihar,955523,816109,139413,0.8541,0.4656,0.3178,0.0868,0.0389,82536,60979,152157,0.5247
63,Gaya,Bihar,50000,47139,2860,0.9428,0.6031,0.5141,0.0578,0.1803,6631,3281,9735,0.5667
64,Gopalganj,Bihar,316936,299612,17323,0.9453,0.6278,0.4484,0.1135,0.0278,31684,15849,60170,0.5929
65,Jamui,Bihar,465683,400645,65037,0.8603,0.6506,0.4759,0.0921,0.0,23993,22070,83920,0.49
66,Jehanabad,Bihar,297732,237451,60280,0.7975,0.58,0.5221,0.0817,0.0,31210,22188,59325,0.4579
67,Katihar,Bihar,158250,139107,19142,0.879,0.5693,0.4556,0.0406,0.1623,18685,9230,31024,0.4788
68,Khagaria,Bihar,109391,88187,21203,0.8062,0.6863,0.5933,0.2037,0.0,10697,5150,21662,0.4621
69,Kishanganj,Bihar,452487,403912,48574,0.8926,0.6384,0.5844,0.0366,0.0,55730,40072,76583,0.4408
70,Lakhisarai,Bihar,762738,755110,7627,0.99,0.6201,0.4697,0.0875,0.0814,73565,57036,137870,0.4978
71,Madhepura,Bihar,173393,164446,8946,0.9484,0.6288,0.5007,0.2375,0.1562,14923,9619,36384,0.443
72,Madhubani,Bihar,232128,180505,51622,0.7776,0.7017,0.5557,0.2451,0.1106,22362,15430,35817,0.4677
73,Munger,Bihar,380145,294911,85233,0.7758,0.5804,0.5283,0.2758,0.1873,48633,34882,61384,0.5395
74,Muzaffarpur,Bihar,320987,263309,57677,0.8203,0.4965,0.4082,0.1774,0.0,34487,18917,49579,0.4806
75,Nalanda,Bihar,184234,146153,38080,0.7933,0.6081,0.47,0.2401,0.212,24034,12498,30628,0.442
76,Nawada,Bihar,228133,205372,22760,0.9002,0.5487,0.4865,0.1718,0.0318,19401,22562,48122,0.4719
77,Pashchim Champaran,Bihar,142962,101598,41363,0.7107,0.4537,0.2895,0.1522,0.0659,19729,14572,20926,0.4567
78,Patna,Bihar,267307,219129,48177,0.8198,0.5214,0.4584,0.2499,0.3005,33773,17074,43144,0.582
79,Purba Champaran,Bihar,402256,365746,36509,0.9092,0.8065,0.681,0.1005,0.1963,38741,22241,80105,0.5031
80,Purnia,Bihar,366292,332199,34092,0.9069,0.6137,0.5196,0.1967,0.0,34598,26651,75206,0.4723
81,Rohtas,Bihar,123779,104895,18883,0.8474,0.5431,0.4593,0.1695,0.0,15409,9951,25178,0.4804
82,Saharsa,Bihar,303527,264592,38934,0.8717,0.582,0.4148,0.2163,0.0,19573,14008,59369,0.5285
83,Samastipur,Bihar,50000,37184,12815,0.7437,0.5257,0.4052,0.1214,0.0846,5969,3687,7287,0.4874
84,Saran,Bihar,106030,96611,9418,0.9112,0.5912,0.4408,0.2612,0.0053,17518,7357,21973,0.5754
85,Sheikhpura,Bihar,198510,180994,17515,0.9118,0.6229,0.541,0.2191,0.2189,25218,14551,41443,0.4658
86,Sheohar,Bihar,181025,161028,19996,0.8895,0.544,0.4267,0.2818,0.0596,19085,10571,38445,0.5924
87,Sitamarhi,Bihar,920107,910905,9201,0.99,0.6057,0.4836,0.0694,0.0695,83834,97470,203222,0.5373
88,Siwan,Bihar,946233,854589,91643,0.9031,0.5591,0.4848,0.0,0.1259,57240,31635,158816,0.4946
89,Supaul,Bihar,204908,202785,2122,0.9896,0.5501,0.4192,0.1499,0.129,32624,17671,40896,0.4404
90,Vaishali,Bihar,121565,104489,17075,0.8595,0.532,0.4225,0.1524,0.0461,11614,11209,23330,0.5562
91,Chandigarh,Chandigarh,876545,17530,859014,0.02,0.6228,0.5114,0.1824,0.0,14281,11230,4317,0.0519
92,Bastar,Chhattisgarh,472046,352047,119998,0.7458,0.5862,0.4969,0.2535,0.2953,47192,36780,69305,0.4014
93,Bilaspur,Chhattisgarh,402162,336167,65994,0.8359,0.6159,0.5213,0.121,0.1561,27284,28177,67459,0.4261
94,Dantewada,Chhattisgarh,490447,329195,161251,0.6712,0.721,0.5698,0.0341,0.0,29236,22435,78231,0.3654
95,Dhamtari,Chhattisgarh,475394,378073,97320,0.7953,0.6487,0.5282,0.0024,0.0363,25005,22346,84377,0.4762
96,Durg,Chhattisgarh,426010,310974,115035,0.73,0.654,0.552,0.1499,0.1983,43964,30529,69362,0.4071
97,Janjgir-Champa,Chhattisgarh,633397,492880,140516,0.7782,0.5666,0.4849,0.1124,0.1451,62544,40084,95760,0.442
98,Jashpur,Chhattisgarh,2561501,1690116,871384,0.6598,0.723,0.5892,0.1788,0.0942,230263,139459,323523,0.4577
99,Kanker,Chhattisgarh,216318,165522,50795,0.7652,0.545,0.3913,0.2512,0.0707,14521,12273,30106,0.3508
100,Kawardha,Chhattisgarh,434273,380215,54057,0.8755,0.8166,0.6454,0.2505,0.1093,44406,22674,71371,0.4262
101,Korba,Chhattisgarh,118363,76522,41840,0.6465,0.6657,0.5607,0.1083,0.081,12820,11027,13915,0.4026
102,Koriya,Chhattisgarh,1281252,1037256,243995,0.8096,0.6882,0.5968,0.2291,0.1537,136704,79051,200196,0.4531
103,Mahasamund,Chhattisgarh,191821,167706,24114,0.8743,0.6788,0.5315,0.131,0.0,13069,14618,40468,0.3446
104,Raigarh,Chhattisgarh,480041,331665,148375,0.6909,0.6515,0.6015,0.0975,0.0517,45452,35790,78002,0.3435
105,Raipur,Chhattisgarh,67645,47247,20397,0.6985,0.6016,0.4451,0.2467,0.0602,6128,5894,9933,0.44
106,Raj Nandgaon,Chhattisgarh,1432649,837284,595364,0.5844,0.4799,0.4028,0.151,0.1628,110512,75501,159950,0.3838
107,Surguja,Chhattisgarh,782403,619515,162887,0.7918,0.5807,0.4724,0.1577,0.0802,103061,47424,143035,0.425
108,Dadra and Nagar Haveli,Dadra and Nagar Haveli,295467,112104,183362,0.3794,0.626,0.5044,0.322,0.2962,10944,11223,23704,0.1116
109,Daman,Daman and Diu,163034,39651,123382,0.2432,0.598,0.475,0.1604,0.1239,6869,5674,7906,0.0306
110,Junagadh,Daman and Diu,359147,50240,308906,0.1399,0.6879,0.5538,0.1929,0.0631,19259,17792,12286,0.0544
111,Delhi,Delhi,1738246,34764,1703481,0.02,0.6451,0.5673,0.0759,0.0,11686,7708,6571,0.0713
112,North Goa,Goa,204869,63435,141433,0.3096,0.8847,0.8003,0.2121,0.0213,8918,3684,15244,-0.0115
113,South Goa,Goa,59884,17029,42854,0.2844,0.8177,0.6697,0.2403,0.1293,1739,1567,3796,0.1218
114,Ahmadabad,Gujarat,566726,348703,218022,0.6153,0.6385,0.4613,0.0671,0.0904,46689,23608,77807,0.1609
115,Amreli,Gujarat,1253567,842595,410971,0.6722,0.6069,0.5103,0.1128,0.2054,118714,86309,183682,0.1827
116,Anand,Gujarat,785314,542921,242392,0.6913,0.6212,0.4856,0.0992,0.0046,60719,33683,127773,0.2457
117,Banas Kantha,Gujarat,391574,248125,143448,0.6337,0.6457,0.4975,0.1419,0.0,33973,25236,60832,0.2813
118,Bharuch,Gujarat,268349,160967,107381,0.5998,0.6333,0.5827,0.108,0.2744,15269,17363,30496,0.2094
119,Bhavnagar,Gujarat,684655,393565,291089,0.5748,0.6945,0.6015,0.1484,0.3204,49621,31334,76237,0.2095
120,Dahod,Gujarat,445125,283828,161296,0.6376,0.5667,0.4055,0.069,0.0,31142,17423,54410,0.2071
121,Gandhinagar,Gujarat,296297,110087,186209,0.3715,0.6073,0.502,0.0,0.0383,21671,15972,24869,0.1786
122,Jamnagar,Gujarat,1573763,871494,702268,0.5538,0.7033,0.593,0.2333,0.0,100663,82675,214646,0.2039
123,Junagadh,Gujarat,457872,202786,255085,0.4429,0.6683,0.5938,0.0185,0.0,36466,32880,37129,0.1429
124,Kachchh,Gujarat,613116,482436,130679,0.7869,0.662,0.5563,0.1799,0.1327,54847,39180,118809,0.2429
125,Kheda,Gujarat,753695,423025,330669,0.5613,0.6593,0.4876,0.0596,0.1223,57377,51966,78722,0.2208
126,Mahesana,Gujarat,295619,159567,136051,0.5398,0.7411,0.5652,0.2103,0.0344,29735,12027,30101,0.2433
127,Narmada,Gujarat,107817,68607,39209,0.6363,0.7053,0.5327,0.1483,0.1237,8948,7796,12570,0.2428
128,Navsari,Gujarat,50000,27230,22769,0.5446,0.6655,0.5685,0.1566,0.2299,3687,2154,5046,0.228
129,Panch Mahals,Gujarat,234674,142441,92232,0.607,0.546,0.3692,0.1922,0.0581,24384,11077,34966,0.1546
130,Patan,Gujarat,244427,127969,116457,0.5235,0.7256,0.557,0.1956,0.0789,23145,14973,24162,0.2818
131,Porbandar,Gujarat,1082004,542979,539024,0.5018,0.833,0.7261,0.218,0.0834,80472,43750,121170,0.2345
132,Rajkot,Gujarat,174703,111103,63599,0.636,0.7415,0.5976,0.2022,0.0475,8735,8005,23246,0.2113
133,Sabar Kantha,Gujarat,254742,84969,169772,0.3336,0.5897,0.4776,0.1035,0.1233,12854,11793,20844,0.287
134,Surat,Gujarat,1218525,664674,553850,0.5455,0.6355,0.5776,0.1857,0.0674,82552,66438,125781,0.231
135,Surendranagar,Gujarat,1510958,904437,606520,0.5986,0.7444,0.5695,0.0902,0.1352,129711,105643,192861,0.1645
136,The Dangs,Gujarat,88071,50971,37099,0.5788,0.7558,0.6243,0.0,0.0571,4972,5936,12045,0.1616
137,Vadodara,Gujarat,519167,319321,199845,0.6151,0.685,0.5361,0.2044,0.0,43247,23652,72406,0.1793
138,Valsad,Gujarat,355703,185035,170667,0.5202,0.602,0.5429,0.0727,0.1187,26416,15188,35373,0.1685
139,Ambala,Haryana,1045616,707278,338337,0.6764,0.6802,0.5792,0.0025,0.0748,103920,63836,151834,0.1185
140,Bhiwani,Haryana,73278,37768,35509,0.5154,0.7097,0.5388,0.2418,0.0422,6121,3593,7079,0.2154
141,Faridabad,Haryana,257926,189913,68012,0.7363,0.7789,0.7268,0.0006,0.1541,25842,18148,36140,0.0874
142,Fatehabad,Haryana,168124,119357,48766,0.7099,0.5769,0.3976,0.2561,0.0487,15833,10028,24311,0.2202
143,Gurgaon,Haryana,87152,51048,36103,0.5857,0.7336,0.6615,0.0403,0.0,6724,6155,10164,0.1007
144,Hisar,Haryana,671471,479920,191550,0.7147,0.6848,0.5161,0.1598,0.0,42306,30094,88110,0.1123
145,Jhajjar,Haryana,649379,339646,309732,0.523,0.6968,0.5459,0.1739,0.0784,38171,21703,69932,0.2291
146,Jind,Haryana,477625,355911,121713,0.7452,0.6843,0.529,0.1008,0.0657,30281,18326,82900,0.1356
147,Kaithal,Haryana,119473,64181,55291,0.5372,0.6828,0.5431,0.1765,0.1343,13928,6538,12597,0.1907
148,Karnal,Haryana,896408,673348,223059,0.7512,0.5955,0.5214,0.2451,0.141,101953,69764,153066,0.1139
149,Kurukshetra,Haryana,350087,229757,120329,0.6563,0.6475,0.5453,0.354,0.0,23751,17875,46332,0.1953
150,Mahendragarh,Haryana,927645,617249,310395,0.6654,0.7742,0.614,0.2613,0.125,84626,72786,120088,0.0905
151,Panchkula,Haryana,454273,334690,119582,0.7368,0.5714,0.4641,0.1506,0.0555,38060,26362,75520,0.0889
152,Panipat,Haryana,109788,71831,37956,0.6543,0.6867,0.5609,0.1375,0.0,7735,7427,14317,0.1537
153,Rewari,Haryana,103389,70415,32973,0.6811,0.5718,0.428,0.159,0.3664,8409,5394,12849,0.085
154,Rohtak,Haryana,433294,281710,151583,0.6502,0.7147,0.5623,0.1437,0.0,34811,32836,62528,0.167
155,Sirsa,Haryana,484862,286998,197863,0.5919,0.6754,0.5967,0.0782,0.0155,37558,32274,54174,0.0749
156,Sonepat,Haryana,323477,232853,90623,0.7198,0.6576,0.5101,0.1391,0.0,22218,19223,45048,0.1093
157,Yamuna Nagar,Haryana,90203,60101,30101,0.6663,0.616,0.4737,0.1599,0.0,8206,5677,12115,0.1022
158,Bilaspur,Himachal Pradesh,317691,271156,46534,0.8535,0.5507,0.4255,0.1421,0.0,27383,13753,63746,0.0539
159,Chamba,Himachal Pradesh,837228,659890,177337,0.7882,0.6636,0.4849,0.2289,0.0917,51479,41048,133409,0.1611
160,Hamirpur,Himachal Pradesh,353392,311992,41399,0.8828,0.6091,0.5009,0.214,0.0,27389,13835,73751,0.0594
161,Kangra,Himachal Pradesh,543218,431888,111329,0.7951,0.757,0.5957,0.1096,0.1177,28547,27227,80505,0.0672
162,Kinnaur,Himachal Pradesh,230380,227600,2779,0.9879,0.754,0.6232,0.3087,0.0,17580,12439,45303,0.0319
163,Kullu,Himachal Pradesh,156137,138721,17415,0.8885,0.6248,0.5459,0.0858,0.4171,11425,6865,29211,0.1192
164,Lahul and Spiti,Himachal Pradesh,459333,363909,95423,0.7923,0.7247,0.5965,0.2524,0.1771,31239,28559,76769,0.0949
165,Mandi,Himachal Pradesh,879699,679689,200009,0.7726,0.7311,0.6529,0.0339,0.0791,71824,50579,167898,0.1112
166,Shimla,Himachal Pradesh,321753,275073,46679,0.8549,0.679,0.5475,0.181,0.0435,23685,11899,51332,0.1
167,Sirmaur,Himachal Pradesh,373904,365251,8652,0.9769,0.5733,0.4942,0.1692,0.0791,27238,24371,66585,0.1043
168,Solan,Himachal Pradesh,294000,215027,78972,0.7314,0.7638,0.6873,0.1951,0.0,21087,20427,39255,0.165
169,Una,Himachal Pradesh,658564,595732,62831,0.9046,0.6318,0.5106,0.1905,0.0906,43587,37923,132375,0.0729
170,Anantnag (Kashmir South),Jammu & Kashmir,365414,292446,72967,0.8003,0.5692,0.4612,0.0074,0.0839,16534,14259,68560,0.2449
171,Bagdam,Jammu & Kashmir,285081,223437,61643,0.7838,0.7073,0.5816,0.1382,0.2052,23988,15346,47904,0.1515
172,Baramula (Kashmir North),Jammu & Kashmir,821821,618988,202832,0.7532,0.685,0.6118,0.1975,0.0355,52551,49749,121674,0.2359
173,Doda,Jammu & Kashmir,154573,90228,64344,0.5837,0.7251,0.613,0.2498,0.0,11676,10299,22402,0.2103
174,Jammu,Jammu & Kashmir,448376,289164,159211,0.6449,0.688,0.5326,0.188,0.2029,31669,17498,71155,0.1758
175,Kathua,Jammu & Kashmir,104734,80251,24482,0.7662,0.6425,0.4853,0.1112,0.2086,6109,7725,14785,0.1419
176,Kupwara (Muzaffarabad),Jammu & Kashmir,407525,282175,125349,0.6924,0.7045,0.5283,0.1857,0.1462,19403,13818,60999,0.2315
177,Pulwama,Jammu & Kashmir,281017,172180,108836,0.6127,0.5974,0.4526,0.0155,0.2155,18593,19372,33762,0.199
178,Punch,Jammu & Kashmir,650789,385571,265217,0.5925,0.6457,0.4732,0.2405,0.0,55674,52258,88382,0.239
179,Rajauri,Jammu & Kashmir,130653,96367,34285,0.7376,0.588,0.4097,0.1234,0.0,7918,4407,20447,0.2606
180,Srinagar,Jammu & Kashmir,440778,259128,181649,0.5879,0.6282,0.5106,0.0783,0.189,29795,14371,48638,0.2183
181,Udhampur,Jammu & Kashmir,291642,207389,84252,0.7111,0.6226,0.5664,0.1667,0.0694,19486,14695,46926,0.1451
182,Bokaro,Jharkhand,1407420,918723,488696,0.6528,0.6679,0.6038,0.1652,0.269,113407,103032,201176,0.4249
183,Chatra,Jharkhand,193149,142314,50834,0.7368,0.6279,0.5331,0.0936,0.0,20643,7880,29031,0.4622
184,Deoghar,Jharkhand,495641,388734,106906,0.7843,0.6076,0.4368,0.305,0.0258,37020,19440,86300,0.498
185,Dhanbad,Jharkhand,335925,225447,110477,0.6711,0.6972,0.6051,0.0615,0.2933,23113,14611,41609,0.3825
186,Dumka,Jharkhand,354170,250460,103709,0.7072,0.6547,0.4838,0.151,0.0,29054,25356,53604,0.3847
187,Garhwa,Jharkhand,50000,38821,11178,0.7764,0.5805,0.4036,0.1155,0.1591,3547,2139,7733,0.369
188,Giridih,Jharkhand,163577,128173,35403,0.7836,0.6786,0.5832,0.2842,0.0,12739,7804,29664,0.484
189,Godda,Jharkhand,147507,121154,26352,0.8213,0.5283,0.4622,0.35,0.124,16134,9703,23917,0.4542
190,Gumla,Jharkhand,113822,102188,11633,0.8978,0.6331,0.5156,0.1284,0.0593,7429,9436,23241,0.3463
191,Hazaribag,Jharkhand,117532,70728,46803,0.6018,0.5957,0.5414,0.1098,0.0,8759,5919,15745,0.3544
192,Jamtara,Jharkhand,493682,329634,164047,0.6677,0.6251,0.4463,0.2044,0.0686,32967,30890,64042,0.4751
193,Koderma,Jharkhand,402519,332279,70239,0.8255,0.6206,0.4658,0.211,0.0,30952,19975,80262,0.445
194,Latehar,Jharkhand,671654,495429,176224,0.7376,0.5782,0.4498,0.0767,0.0,52773,27265,106034,0.3824
195,Lohardaga,Jharkhand,535795,396093,139701,0.7393,0.6184,0.5332,0.1651,0.1727,46519,30990,90307,0.4204
196,Pakur,Jharkhand,422753,395917,26835,0.9365,0.5773,0.4736,0.2248,0.0918,52885,41943,75309,0.3627
197,Palamu,Jharkhand,442036,365875,76160,0.8277,0.6363,0.5104,0.1434,0.0401,51071,39865,89493,0.4357
198,Pashchim Singhbhum,Jharkhand,766243,560008,206234,0.7308,0.6229,0.5393,0.2012,0.0,64186,29072,124865,0.434
199,Purba Singhbhum,Jharkhand,622804,436268,186535,0.7005,0.5775,0.514,0.2411,0.156,41170,28492,80873,0.4916
200,Ranchi,Jharkhand,221252,153091,68160,0.6919,0.5386,0.4345,0.0648,0.1202,20065,8990,37724,0.4446
201,Sahibganj,Jharkhand,1976651,1539325,437325,0.7788,0.4836,0.3101,0.0282,0.0821,139507,100460,320308,0.3875
202,Saraikela Kharsawan,Jharkhand,171981,116958,55022,0.6801,0.6166,0.5164,0.0201,0.0584,12931,8763,24362,0.4635
203,Simdega,Jharkhand,389508,314871,74636,0.8084,0.6897,0.5718,0.1181,0.1325,32598,27187,57457,0.4133
204,Bagalkot,Karnataka,1502523,827419,675103,0.5507,0.675,0.5273,0.1431,0.0021,109107,76953,161232,0.2748
205,Bangalore Rural,Karnataka,150282,95991,54290,0.6387,0.6846,0.6064,0.303,0.1133,11242,8675,18986,0.1727
206,Bangalore Urban,Karnataka,157132,96930,60201,0.6169,0.6677,0.5917,0.1287,0.2275,12687,7330,21788,0.1463
207,Belgaum,Karnataka,102157,57251,44905,0.5604,0.6702,0.5253,0.0774,0.0699,9518,6485,12759,0.2235
208,Bellary,Karnataka,441241,311854,129386,0.7068,0.7126,0.5332,0.0951,0.0966,33555,22267,73174,0.2623
209,Bidar,Karnataka,82696,48258,34437,0.5836,0.7031,0.6444,0.1942,0.189,9276,4104,11230,0.2318
210,Bijapur,Karnataka,74064,53238,20825,0.7188,0.6749,0.5175,0.1694,0.135,8120,4301,10973,0.1511
211,Chamrajnagar,Karnataka,517792,368315,149476,0.7113,0.7582,0.6707,0.2315,0.1913,72642,31088,91265,0.149
212,Chikmagalur,Karnataka,177723,70908,106814,0.399,0.6436,0.5382,0.1155,0.3122,19645,8257,13516,0.1483
213,Chitradurga,Karnataka,1082764,676159,406604,0.6245,0.7087,0.5697,0.1298,0.1286,123927,84213,150580,0.1889
214,Dakshin Kannad,Karnataka,365628,156974,208653,0.4293,0.7102,0.5468,0.2529,0.1003,43122,20849,37145,0.1414
215,Davanagere,Karnataka,244450,153214,91235,0.6268,0.8677,0.8119,0.2235,0.1813,29192,16228,38147,0.2352
216,Dharwad,Karnataka,166734,101022,65711,0.6059,0.6256,0.5595,0.2025,0.1582,17869,13852,19395,0.1796
217,Gadag,Karnataka,408425,263809,144615,0.6459,0.7586,0.5875,0.2599,0.0,33964,23256,63401,0.1779
218,Gulbarga,Karnataka,265606,145909,119696,0.5493,0.7292,0.6631,0.1333,0.0662,34513,22686,35562,0.2507
219,Hassan,Karnataka,374783,229765,145017,0.6131,0.6548,0.5115,0.0427,0.018,44724,26333,45985,0.2099
220,Haveri,Karnataka,349410,161823,187586,0.4631,0.7234,0.6471,0.1716,0.0,18351,16505,33198,0.2336
221,Kodagu,Karnataka,253506,177052,76453,0.6984,0.6937,0.541,0.0894,0.0,22987,19939,35279,0.1545
222,Kolar,Karnataka,1277661,618103,659557,0.4838,0.5731,0.4155,0.245,0.0,96436,87358,121554,0.2232
223,Koppal,Karnataka,1251573,732347,519225,0.5851,0.6811,0.606,0.2975,0.0108,90290,55665,162474,0.2705
224,Mandya,Karnataka,393162,236129,157032,0.6006,0.6069,0.5425,0.0327,0.0,25766,31692,44339,0.2235
225,Mysore,Karnataka,166492,113077,53414,0.6792,0.7314,0.6165,0.1237,0.025,18897,9515,27715,0.2905
226,Raichur,Karnataka,186825,109695,77129,0.5872,0.6803,0.5701,0.1077,0.0,9796,10046,26001,0.1763
227,Shimoga,Karnataka,206446,115211,91234,0.5581,0.6432,0.5199,0.1963,0.0819,13131,14878,21519,0.2727
228,Tumkur,Karnataka,372944,170610,202333,0.4575,0.6888,0.5491,0.1304,0.298,32555,18103,42455,0.2216
229,Udupi,Karnataka,394622,271435,123186,0.6878,0.7704,0.688,0.1661,0.0797,30486,23443,61121,0.2269
230,Uttar Kannand,Karnataka,2123365,1295748,827616,0.6102,0.5205,0.4334,0.2362,0.1464,184378,91406,263015,0.2485
231,Alappuzha,Kerala,1223664,671428,552235,0.5487,0.7824,0.6809,0.1079,0.2848,87242,32291,138828,0.1102
232,Ernakulam,Kerala,1142575,644891,497683,0.5644,0.5992,0.4586,0.2748,0.0543,34132,25549,160987,0.0612
233,Idukki,Kerala,861027,410401,450625,0.4766,0.7994,0.6971,0.1671,0.0975,35023,27404,76425,0.0042
234,Kannur,Kerala,592171,337833,254337,0.5705,0.7526,0.6492,0.1276,0.1745,22823,16962,68647,0.0272
235,Kasaragod,Kerala,540273,208367,331905,0.3857,0.7114,0.5549,0.004,0.1267,27268,15418,39379,0.1217
236,Kollam,Kerala,482707,252786,229920,0.5237,0.812,0.7323,0.2293,0.0,27536,16801,57025,0.0286
237,Kottayam,Kerala,604374,385513,218860,0.6379,0.7318,0.5999,0.1767,0.0,23135,23941,89704,0.1047
238,Kozhikode,Kerala,337875,184880,152994,0.5472,0.7512,0.6634,0.1558,0.2492,20722,16415,33677,0.0572
239,Malappuram,Kerala,640752,250755,389996,0.3913,0.6614,0.4909,0.1701,0.0,33045,34130,54573,0.0531
240,Palakkad,Kerala,930208,416919,513288,0.4482,0.6495,0.4831,0.2079,0.0,40493,25841,90674,0.0655
241,Pattanamtitta,Kerala,210410,109285,101124,0.5194,0.7841,0.6278,0.266,0.0,12283,5519,22422,0.0356
242,Thiruvananthapuram,Kerala,1069240,681422,387817,0.6373,0.6618,0.5787,0.1563,0.0,69356,53112,128273,0.0165
243,Thrissur,Kerala,951638,469788,481849,0.4937,0.704,0.5408,0.109,0.1506,59564,40482,99899,0.1328
244,Wayanad,Kerala,1345509,644376,701132,0.4789,0.7394,0.563,0.076,0.0,71567,60335,117451,-0.0081
245,Kargil,Ladakh,169324,127942,41381,0.7556,0.6965,0.6003,0.101,0.0383,10671,4889,27872,0.3129
246,Ladakh (Leh),Ladakh,356496,255800,100695,0.7175,0.7134,0.6199,0.1175,0.1382,23760,18756,52601,0.1849
247,Kavaratti,Lakshadweep,520839,165954,354884,0.3186,0.7005,0.6036,0.1017,0.0,23669,11525,38256,0.1158
248,Anuppur,Madhya Pradesh,130144,82958,47185,0.6374,0.6216,0.4679,0.2479,0.1945,13125,10060,15423,0.3161
249,Ashoknagar,Madhya Pradesh,148800,117080,31719,0.7868,0.709,0.6011,0.1377,0.128,6585,6961,21961,0.3078
250,Balaghat,Madhya Pradesh,341186,214532,126653,0.6288,0.6161,0.4993,0.158,0.0994,27884,28032,47388,0.3347
251,Barwani,Madhya Pradesh,418200,281519,136680,0.6732,0.6001,0.4285,0.1381,0.301,36292,29761,53420,0.3927
252,Betul,Madhya Pradesh,354863,244066,110796,0.6878,0.5599,0.4097,0.3221,0.247,30555,15231,55886,0.3526
253,Bhind,Madhya Pradesh,916277,736397,179879,0.8037,0.5931,0.5373,0.2025,0.127,83036,48444,150435,0.3695
254,Bhopal,Madhya Pradesh,603805,450754,153050,0.7465,0.6785,0.6215,0.1014,0.0,50714,29723,86371,0.4178
255,Burhanpur,Madhya Pradesh,1471978,1157058,314919,0.7861,0.6799,0.5225,0.1904,0.0507,115416,86132,284394,0.4259
256,Chhatarpur,Madhya Pradesh,525653,335960,189692,0.6391,0.7313,0.6541,0.1851,0.2079,59572,33341,73508,0.369
257,Chhindwara,Madhya Pradesh,252814,211950,40863,0.8384,0.6184,0.4463,0.1139,0.212,24435,18469,47346,0.3167
258,Damoh,Madhya Pradesh,294286,234717,59568,0.7976,0.6872,0.5648,0.0901,0.093,33204,16348,53658,0.319
259,Datia,Madhya Pradesh,218062,150647,67414,0.6908,0.5966,0.4778,0.1505,0.0158,16479,10014,31237,0.3355
260,Dewas,Madhya Pradesh,460070,356130,103939,0.7741,0.5538,0.4873,0.1419,0.3011,57976,50900,86174,0.4559
261,Dhar,Madhya Pradesh,787326,504160,283165,0.6403,0.6605,0.5606,0.1888,0.1077,79485,66392,92474,0.3092
262,Dindori,Madhya Pradesh,650470,433754,216715,0.6668,0.5528,0.4834,0.1065,0.1743,54832,40277,82125,0.3055
263,East Nimar,Madhya Pradesh,187678,158781,28896,0.846,0.6217,0.5508,0.1262,0.0,15255,10287,34914,0.4116
264,Guna,Madhya Pradesh,132467,100782,31684,0.7608,0.7331,0.5684,0.1901,0.0,8400,6504,25090,0.4579
265,Gwalior,Madhya Pradesh,125774,85152,40621,0.677,0.5678,0.4809,0.1714,0.1873,16410,11409,20128,0.4243
266,Harda,Madhya Pradesh,405682,279200,126481,0.6882,0.6027,0.509,0.1795,0.0687,43508,17657,57116,0.3411
267,Hoshangabad,Madhya Pradesh,181636,142526,39109,0.7847,0.5868,0.4622,0.2215,0.0155,12402,14422,29951,0.4311
268,Indore,Madhya Pradesh,559669,381246,178422,0.6812,0.7582,0.5944,0.0,0.1229,70528,33310,87403,0.3097
269,Jabalpur,Madhya Pradesh,203293,150018,53274,0.7379,0.5369,0.3841,0.1027,0.1878,21807,14575,30108,0.3336
270,Jhabua,Madhya Pradesh,726316,591406,134909,0.8143,0.6999,0.5727,0.0,0.0,94200,60687,141955,0.3127
271,Katni,Madhya Pradesh,369371,257277,112093,0.6965,0.6168,0.4677,0.262,0.1307,47816,19437,57309,0.3375
272,Mandla,Madhya Pradesh,278592,144509,134082,0.5187,0.477,0.3528,0.1872,0.0937,32155,20013,31642,0.4264
273,Mandsaur,Madhya Pradesh,200984,145163,55820,0.7223,0.514,0.3359,0.1023,0.3238,15120,14291,31767,0.4479
274,Morena,Madhya Pradesh,398434,297008,101425,0.7454,0.5711,0.4376,0.1073,0.356,27865,28321,57401,0.3983
275,Narsinghpur,Madhya Pradesh,253303,186644,66658,0.7368,0.737,0.6519,0.2469,0.1569,35502,18735,39974,0.3656
276,Neemuch,Madhya Pradesh,137579,124712,12866,0.9065,0.6834,0.6312,0.2374,0.1625,19908,14677,27675,0.3978
277,Panna,Madhya Pradesh,845989,590811,255177,0.6984,0.6778,0.613,0.1253,0.0295,71225,45292,126230,0.3875
278,Raisen,Madhya Pradesh,490368,272851,217516,0.5564,0.5402,0.4297,0.1781,0.0,38078,24449,50250,0.3313
279,Rajgarh,Madhya Pradesh,184839,137120,47718,0.7418,0.619,0.4811,0.0639,0.1229,24938,12149,31286,0.4138
280,Ratlam,Madhya Pradesh,341943,280658,61284,0.8208,0.6177,0.5469,0.1155,0.1041,24074,18838,62411,0.3727
281,Rewa,Madhya Pradesh,803463,518443,285019,0.6453,0.5628,0.496,0.1184,0.0,86357,36113,127555,0.4154
282,Sagar,Madhya Pradesh,424807,389864,34942,0.9177,0.6379,0.4869,0.1503,0.1108,54102,20964,74394,0.4023
283,Satna,Madhya Pradesh,103065,80561,22503,0.7817,0.7147,0.6408,0.1494,0.0,6109,4379,17911,0.3112
284,Sehore,Madhya Pradesh,238486,162727,75758,0.6823,0.6778,0.5001,0.0866,0.0985,26696,20050,39265,0.3302
285,Seoni,Madhya Pradesh,1561203,982462,578740,0.6293,0.719,0.5816,0.2909,0.151,90371,108837,216067,0.3007
286,Shahdol,Madhya Pradesh,375392,293056,82335,0.7807,0.6352,0.5213,0.0931,0.1082,46355,35872,69527,0.3461
287,Shajapur,Madhya Pradesh,212479,150380,62098,0.7077,0.5683,0.4273,0.1733,0.1023,16488,11765,27860,0.4218
288,Sheopur,Madhya Pradesh,503990,333595,170394,0.6619,0.6519,0.4812,0.1031,0.0862,32824,21965,73681,0.4122
289,Shivpuri,Madhya Pradesh,556792,488738,68053,0.8778,0.6128,0.4655,0.0945,0.0527,48227,32120,93667,0.4216
290,Sidhi,Madhya Pradesh,1500600,1109141,391458,0.7391,0.6449,0.5069,0.1793,0.0639,122645,66561,232161,0.316
291,Tikamgarh,Madhya Pradesh,207196,148326,58869,0.7159,0.6643,0.5772,0.1974,0.0026,20914,18213,33332,0.3184
292,Ujjain,Madhya Pradesh,848620,657755,190864,0.7751,0.6944,0.53,0.2044,0.0,76557,61998,162170,0.4286
293,Umaria,Madhya Pradesh,109269,72449,36819,0.663,0.6655,0.61,0.0542,0.0,8971,5729,16685,0.3302
294,Vidisha,Madhya Pradesh,388094,242773,145320,0.6256,0.6179,0.4431,0.0589,0.0552,46254,35365,51378,0.3853
295,West Nimar,Madhya Pradesh,876415,661094,215320,0.7543,0.602,0.5476,0.1724,0.2025,81094,57457,142736,0.3144
296,Ahmednagar,Maharashtra,817153,471747,345405,0.5773,0.5728,0.4475,0.3064,0.2002,84869,51954,99971,0.1742
297,Akola,Maharashtra,225577,105306,120270,0.4668,0.6606,0.4807,0.0591,0.1539,9661,10088,25638,0.3193
298,Amravati,Maharashtra,245785,143455,102329,0.5837,0.7418,0.6539,0.2136,0.0,16151,13178,35697,0.2394
299,Aurangabad,Maharashtra,474285,224097,250187,0.4725,0.5705,0.4104,0.163,0.2179,29573,32323,50787,0.1742
300,Bhandara,Maharashtra,215783,144907,70875,0.6715,0.6036,0.4854,0.1575,0.0,15348,14523,34205,0.1866
301,Bid,Maharashtra,351110,180806,170303,0.515,0.6077,0.4811,0.1272,0.0587,19280,12173,40238,0.2493
302,Buldana,Maharashtra,196211,99679,96531,0.508,0.7871,0.6489,0.111,0.2365,13812,9881,22289,0.2229
303,Chandrapur,Maharashtra,159085,83142,75942,0.5226,0.6844,0.5771,0.1888,0.01,10411,9209,17932,0.1716
304,Dhule,Maharashtra,562531,396552,165978,0.7049,0.7308,0.6435,0.3662,0.1419,37206,35761,82213,0.3211
305,Garhchiroli,Maharashtra,608097,319899,288197,0.5261,0.6747,0.5339,0.2104,0.0606,51578,20851,76801,0.2807
306,Gondiya,Maharashtra,413499,249053,164445,0.6023,0.7287,0.6107,0.191,0.0877,28277,16502,52333,0.1861
307,Greater Bombay,Maharashtra,263553,143503,120049,0.5445,0.6453,0.5882,0.1842,0.0,17721,7544,27202,0.3077
308,Hingoli,Maharashtra,111903,58347,53555,0.5214,0.683,0.6129,0.1878,0.0,10580,7258,12045,0.2592
309,Jalgaon,Maharashtra,50000,24514,25485,0.4903,0.6283,0.5355,0.1616,0.0733,2186,1419,6037,0.2283
310,Jalna,Maharashtra,371017,191944,179072,0.5173,0.6862,0.5379,0.1321,0.0,22710,10337,47362,0.3285
311,Kolhapur,Maharashtra,289706,134075,155630,0.4628,0.6455,0.5929,0.1727,0.3054,13943,11908,26150,0.2969
312,Latur,Maharashtra,104882,52350,52531,0.4991,0.5898,0.4142,0.0943,0.0,8065,6224,11261,0.3023
313,Nagpur,Maharashtra,243903,139492,104410,0.5719,0.7227,0.6153,0.2236,0.0,16793,12372,27817,0.2894
314,Nanded,Maharashtra,537533,288532,249000,0.5368,0.5113,0.382,0.1591,0.037,39088,22228,54632,0.2362
315,Nandurbar,Maharashtra,967736,523196,444539,0.5406,0.6569,0.5136,0.0815,0.4177,84595,45974,96200,0.2832
316,Nashik,Maharashtra,100303,65425,34877,0.6523,0.6411,0.4929,0.0605,0.1431,7884,4881,12338,0.1875
317,Osmanabad,Maharashtra,375949,204936,171012,0.5451,0.6389,0.5747,0.127,0.0294,23597,15367,43508,0.1963
318,Parbhani,Maharashtra,1711179,1022768,688410,0.5977,0.7673,0.6403,0.1665,0.0,127332,110147,235776,0.2228
319,Pune,Maharashtra,119978,69505,50472,0.5793,0.8095,0.7446,0.0173,0.2505,9262,7290,15658,0.2979
320,Raigarh,Maharashtra,127099,74843,52255,0.5889,0.5154,0.3985,0.2297,0.0822,7206,8217,14342,0.3077
321,Ratnagiri,Maharashtra,860354,515036,345317,0.5986,0.6836,0.5345,0.1334,0.0,49876,36354,98474,0.2111
322,Sangli,Maharashtra,808374,506321,302052,0.6263,0.6488,0.4958,0.133,0.2387,77802,43256,107127,0.2947
323,Satara,Maharashtra,518228,302474,215753,0.5837,0.5924,0.4377,0.0524,0.0049,54563,39714,55735,0.2401
324,Sindhudurg,Maharashtra,517709,277074,240634,0.5352,0.6659,0.5873,0.0991,0.0848,31551,20921,63861,0.275
325,Solapur,Maharashtra,125634,52360,73273,0.4168,0.6571,0.5288,0.1369,0.2368,8848,9144,10614,0.2144
326,Thane,Maharashtra,722500,343090,379409,0.4749,0.6774,0.5545,0.1392,0.1285,42595,27128,62978,0.2658
327,Wardha,Maharashtra,570777,274307,296469,0.4806,0.5821,0.4252,0.0307,0.1912,35825,19996,52511,0.1982
328,Washim,Maharashtra,643180,353150,290029,0.5491,0.5771,0.4765,0.2467,0.2812,44098,32753,82037,0.2208
329,Yavatmal,Maharashtra,678719,386232,292486,0.5691,0.6599,0.6025,0.0171,0.1208,57749,30492,83424,0.2038
330,Bishnupur,Manipur,385678,271928,113749,0.7051,0.6776,0.5808,0.0783,0.1044,29990,22638,60657,0.2914
331,Chandel,Manipur,518405,352449,165955,0.6799,0.8305,0.7583,0.11,0.0,35498,29571,64926,0.2984
332,Churachandpur,Manipur,383121,296722,86398,0.7745,0.5407,0.4787,0.2051,0.0753,27668,15461,73497,0.2688
333,East Imphal,Manipur,402816,226294,176521,0.5618,0.7163,0.5774,0.1009,0.1218,31960,19674,44360,0.3388
334,Senapati,Manipur,344174,300040,44133,0.8718,0.6592,0.4985,0.2359,0.1557,35764,19772,60523,0.2824
335,Tamenglong,Manipur,128978,88854,40123,0.6889,0.7495,0.5956,0.0558,0.0,13778,10906,16576,0.2918
336,Thoubal,Manipur,1130845,767341,363503,0.6786,0.7517,0.6686,0.2501,0.1108,78954,53216,145199,0.2817
337,Ukhrul,Manipur,1676716,1068814,607901,0.6374,0.6563,0.4924,0.1782,0.0285,132246,89676,208469,0.2743
338,West Imphal,Manipur,90444,65205,25238,0.7209,0.6902,0.5195,0.1897,0.0,4139,3209,15951,0.3264
339,East Garo Hills,Meghalaya,386056,289287,96768,0.7493,0.7343,0.6023,0.1186,0.0,46707,33192,61070,0.1827
340,East Khasi Hills,Meghalaya,643500,510392,133107,0.7932,0.5593,0.4982,0.2398,0.0,57694,51589,93816,0.0905
341,Jaintia Hills,Meghalaya,177508,131483,46024,0.7407,0.6403,0.5481,0.1338,0.0586,20616,14675,25444,0.1364
342,Ri-Bhoi,Meghalaya,322011,259685,62325,0.8064,0.6403,0.5497,0.2038,0.1334,36959,25820,48058,0.1977
343,South Garo Hills,Meghalaya,750865,594638,156226,0.7919,0.7921,0.7341,0.1943,0.1139,66433,60545,113018,0.193
344,West Garo Hills,Meghalaya,383385,293022,90362,0.7643,0.6608,0.5169,0.1029,0.0231,36560,22246,62161,0.1693
345,West Khasi Hills,Meghalaya,270129,180084,90044,0.6667,0.758,0.6508,0.241,0.0462,21046,19102,36277,0.1744
346,Aizawl,Mizoram,308949,116860,192088,0.3783,0.7228,0.6421,0.1189,0.1711,21209,15064,23820,0.1052
347,Champhai,Mizoram,517576,286842,230733,0.5542,0.7475,0.6869,0.0559,0.1304,36175,36543,63939,0.1602
348,Kolasib,Mizoram,342171,112621,229549,0.3291,0.7213,0.6231,0.0838,0.2422,39841,20470,28135,0.2225
349,Lawngtlai,Mizoram,244190,107895,136294,0.4418,0.8034,0.6345,0.2006,0.0,21880,14802,20005,0.1108
350,Lunglei,Mizoram,280608,117883,162724,0.4201,0.6796,0.5615,0.2188,0.0,16616,9417,27488,0.0929
351,Mamit,Mizoram,283822,124271,159550,0.4379,0.6778,0.5791,0.1203,0.0,20638,17199,26069,0.1459
352,Saiha,Mizoram,970516,460897,509618,0.4749,0.6802,0.5906,0.1321,0.1825,68655,41023,86957,0.1254
353,Serchhip,Mizoram,314185,131335,182849,0.418,0.7952,0.6754,0.1905,0.0634,21807,15981,27561,0.0758
354,Dimapur,Nagaland,1591791,1141123,450667,0.7169,0.5196,0.3852,0.3418,0.184,112622,77433,232291,0.1385
355,Kohima,Nagaland,389734,218339,171394,0.5602,0.6026,0.4387,0.1214,0.1274,39888,25520,53209,0.2049
356,Mokokchung,Nagaland,151139,112355,38783,0.7434,0.7995,0.698,0.1894,0.0821,10977,8013,27168,0.1897
357,Mon,Nagaland,262225,162617,99607,0.6201,0.7054,0.5314,0.1707,0.0214,23212,17492,39836,0.1323
358,Phek,Nagaland,165236,111850,53385,0.6769,0.6647,0.5573,0.0649,0.0,8079,6201,23797,0.2685
359,Tuensang,Nagaland,1517718,1000298,517419,0.6591,0.7055,0.645,0.1964,0.0,109777,98532,221820,0.1389
360,Wokha,Nagaland,157553,92998,64554,0.5903,0.7777,0.6964,0.1167,0.0,8373,5753,18908,0.1522
361,Zunheboto,Nagaland,496897,365639,131257,0.7358,0.6609,0.5374,0.1966,0.0815,41642,44529,84393,0.1409
362,Angul,Odisha,155591,138541,17049,0.8904,0.6446,0.4715,0.1778,0.105,20949,12028,30565,0.4225
363,Baleshwar,Odisha,283942,216640,67301,0.763,0.6692,0.5091,0.1465,0.2369,21762,10117,40215,0.3969
364,Baragarh,Odisha,343535,273928,69606,0.7974,0.6218,0.4785,0.0968,0.198,28144,24968,51934,0.3669
365,Bhadrak,Odisha,251678,204071,47606,0.8108,0.5637,0.388,0.0769,0.0058,15443,16761,46149,0.4312
366,Bolangir,Odisha,212209,181160,31048,0.8537,0.6419,0.5078,0.2021,0.173,19485,16002,37268,0.345
367,Boudh,Odisha,220222,162982,57239,0.7401,0.6508,0.506,0.0864,0.114,17823,13256,39656,0.3485
368,Cuttack,Odisha,813684,659362,154321,0.8103,0.5745,0.5003,0.1677,0.1874,84097,62290,123066,0.3672
369,Deogarh,Odisha,527422,402401,125020,0.763,0.7016,0.5337,0.168,0.1624,75908,43595,89772,0.4524
370,Dhenkanal,Odisha,280188,232672,47515,0.8304,0.6337,0.5489,0.055,0.0,22490,20851,44767,0.4619
371,Gajapati,Odisha,423841,310275,113565,0.7321,0.5877,0.4702,0.1916,0.0,45721,30813,66853,0.4017
372,Ganjam,Odisha,389937,318932,71004,0.8179,0.6178,0.4565,0.0826,0.0621,35941,17187,69719,0.3959
373,Jagatsinghpur,Odisha,334579,288383,46195,0.8619,0.5821,0.4755,0.1763,0.1839,35848,16205,53787,0.3314
374,Jajpur,Odisha,214988,167632,47355,0.7797,0.6327,0.5463,0.0923,0.071,16779,9444,36392,0.4058
375,Jharsuguda,Odisha,1124367,823864,300502,0.7327,0.5623,0.3828,0.1163,0.0325,103121,90424,165402,0.4638
376,Kalahandi,Odisha,823197,681952,141244,0.8284,0.5627,0.4498,0.1191,0.1706,79453,50968,143875,0.3329
377,Kandhamal,Odisha,88283,77161,11121,0.874,0.6772,0.5909,0.1346,0.1478,6789,4354,17913,0.449
378,Kendrapara,Odisha,52318,48766,3551,0.9321,0.7228,0.5752,0.1891,0.147,3638,3526,10753,0.3919
379,Keonjhar,Odisha,789950,611018,178931,0.7735,0.5686,0.4304,0.2013,0.0,62632,36774,135730,0.3445
380,Khordha,Odisha,305258,229499,75758,0.7518,0.6912,0.6183,0.1745,0.0714,17456,19624,44480,0.3307
381,Koraput,Odisha,462435,378415,84019,0.8183,0.8618,0.7266,0.1234,0.2504,31797,25575,86101,0.4567
382,Malkangiri,Odisha,263884,249729,14154,0.9464,0.6463,0.5521,0.102,0.0128,31002,12977,61726,0.3944
383,Mayurbhanj,Odisha,125198,109255,15942,0.8727,0.5258,0.3604,0.1713,0.0,9989,6642,20917,0.4469
384,Nabarangpur,Odisha,384202,295952,88249,0.7703,0.545,0.4675,0.1787,0.1204,21866,19971,73784,0.3769
385,Nayagarh,Odisha,2384874,1973923,410950,0.8277,0.6469,0.5766,0.1243,0.0,306232,147194,481689,0.332
386,Nuapada,Odisha,1006534,767531,239002,0.7625,0.6398,0.532,0.0071,0.1182,81256,66641,139653,0.376
387,Puri,Odisha,294827,244915,49911,0.8307,0.6821,0.5874,0.126,0.0841,33544,16904,46832,0.3205
388,Rayagada,Odisha,1092376,1012372,80003,0.9268,0.6534,0.4924,0.1229,0.2748,116870,54442,235308,0.4082
389,Sambalpur,Odisha,497717,490754,6962,0.986,0.5732,0.4036,0.2314,0.1646,39247,34515,119536,0.3229
390,Sonepur,Odisha,434037,357516,76520,0.8237,0.6649,0.5983,0.0906,0.0,41586,31765,74804,0.4532
391,Sundargarh,Odisha,219288,207721,11566,0.9473,0.6013,0.5445,0.1838,0.0,16078,12627,40629,0.3588
392,Karaikal,Puducherry,269530,92541,176988,0.3433,0.7883,0.6415,0.0869,0.1841,8614,7328,20908,0.039
393,Mahe,Puducherry,312609,68242,244366,0.2183,0.6342,0.5621,0.2791,0.1272,9506,9439,15232,0.056
394,Puducherry,Puducherry,1117672,130614,987057,0.1169,0.7659,0.6764,0.1213,0.2831,36910,37101,27334,0.1245
395,Yanam,Puducherry,102838,25786,77051,0.2507,0.7997,0.6513,0.1816,0.0486,4759,1994,5847,0.0949
396,Amritsar,Punjab,203233,116335,86897,0.5724,0.7167,0.553,0.1682,0.331,21721,10293,26527,0.124
397,Bathinda,Punjab,487194,311646,175547,0.6397,0.714,0.5976,0.1929,0.015,31589,28169,68210,0.0299
398,Faridkot,Punjab,397589,216821,180767,0.5453,0.685,0.595,0.183,0.1482,27688,19550,41353,0.0378
399,Fatehgarh Sahib,Punjab,574851,317088,257762,0.5516,0.7266,0.6357,0.152,0.05,35466,23638,66980,0.0888
400,Firozpur,Punjab,482515,264659,217855,0.5485,0.5581,0.4232,0.1863,0.056,28568,26837,65068,0.1319
401,Gurdaspur,Punjab,711514,420498,291015,0.591,0.6846,0.5086,0.1747,0.1207,65757,56381,96594,0.1449
402,Hoshiarpur,Punjab,313848,191140,122707,0.609,0.7675,0.6531,0.1087,0.0,41882,32541,40765,0.1017
403,Jalandhar,Punjab,248214,127594,120619,0.514,0.8521,0.7657,0.1832,0.0,24922,17537,24185,0.1594
404,Kapurthala,Punjab,1299671,824759,474911,0.6346,0.8057,0.6934,0.0854,0.0,86139,82264,167392,0.0737
405,Ludhiana,Punjab,348437,203052,145384,0.5828,0.668,0.5936,0.1442,0.2324,28994,25381,48542,0.0183
406,Mansa,Punjab,325096,220972,104123,0.6797,0.6634,0.5141,0.0893,0.2283,35179,26391,43327,0.0893
407,Moga,Punjab,116147,65547,50599,0.5643,0.6457,0.5241,0.1619,0.0,9976,7134,15851,0.1066
408,Muktsar,Punjab,490102,378670,111431,0.7726,0.7754,0.7215,0.2073,0.0,32731,35153,86486,0.1161
409,Nawan Shehar,Punjab,392795,209666,183128,0.5338,0.7457,0.6955,0.248,0.0808,36159,25320,51939,0.1126
410,Patiala,Punjab,2611295,1489099,1122195,0.5703,0.6973,0.5415,0.1648,0.1258,168312,169108,306158,0.0486
411,Rupnagar,Punjab,358748,213385,145362,0.5948,0.8859,0.7255,0.1709,0.0,39931,20335,42533,0.1265
412,Sangrur,Punjab,239593,163079,76513,0.6807,0.7433,0.5933,0.1471,0.1317,27067,12839,34367,0.1168
413,Ajmer,Rajasthan,509970,369412,140557,0.7244,0.7672,0.6607,0.0985,0.0,49023,41368,67412,0.3443
414,Alwar,Rajasthan,242759,153170,89588,0.631,0.72,0.6417,0.2058,0.0,22606,20148,32585,0.2917
415,Banswara,Rajasthan,293636,216248,77387,0.7365,0.7331,0.625,0.1564,0.1946,30354,25089,51934,0.3397
416,Baran,Rajasthan,678930,451828,227101,0.6655,0.6663,0.5818,0.1552,0.2047,41804,37472,110754,0.2945
417,Barmer,Rajasthan,749281,579352,169928,0.7732,0.7696,0.6935,0.1495,0.124,48356,52391,107734,0.2744
418,Bharatpur,Rajasthan,450388,271032,179355,0.6018,0.5763,0.422,0.1515,0.0,55653,23679,55751,0.2649
419,Bhilwara,Rajasthan,208822,162603,46218,0.7787,0.7687,0.7079,0.1752,0.1355,18044,17571,36866,0.2652
420,Bikaner,Rajasthan,201338,156133,45204,0.7755,0.6281,0.4923,0.1583,0.0,13295,15607,28827,0.2474
421,Bundi,Rajasthan,333677,294093,39583,0.8814,0.6658,0.5569,0.2231,0.1235,21177,20254,55680,0.304
422,Chittaurgarh,Rajasthan,687586,523870,163715,0.7619,0.7342,0.6159,0.1827,0.1407,64913,46249,124706,0.2875
423,Churu,Rajasthan,1247581,959646,287934,0.7692,0.6235,0.5285,0.1754,0.1709,148514,88602,223657,0.2952
424,Dausa,Rajasthan,656110,494399,161710,0.7535,0.6402,0.5321,0.1419,0.1028,35654,30015,94959,0.2815
425,Dhaulpur,Rajasthan,1781185,1275658,505526,0.7162,0.5974,0.4283,0.2661,0.0,149666,103480,313098,0.261
426,Dungarpur,Rajasthan,382301,312603,69697,0.8177,0.7728,0.6215,0.1122,0.1745,28502,22440,58944,0.2577
427,Ganganagar,Rajasthan,141176,109419,31756,0.7751,0.56,0.4473,0.0769,0.0234,14231,5538,20269,0.3203
428,Hanumangarh,Rajasthan,350163,239220,110942,0.6832,0.6399,0.5329,0.1619,0.0517,21592,20877,48170,0.3036
429,Jaipur,Rajasthan,338724,230533,108190,0.6806,0.6489,0.5892,0.0839,0.0,30053,16956,41942,0.3866
430,Jaisalmer,Rajasthan,1028347,836683,191663,0.8136,0.7737,0.6822,0.0,0.0265,68095,57046,153998,0.2905
431,Jalor,Rajasthan,686341,463166,223174,0.6748,0.5673,0.4078,0.1571,0.0052,39277,36882,88692,0.3567
432,Jhalawar,Rajasthan,309897,217723,92173,0.7026,0.7215,0.5962,0.1686,0.0,32855,17534,54107,0.2778
433,Jhunjhunun,Rajasthan,364539,296526,68012,0.8134,0.6097,0.4668,0.1688,0.167,32036,22303,69470,0.3062
434,Jodhpur,Rajasthan,509486,359252,150233,0.7051,0.7217,0.6327,0.1092,0.2764,58494,24793,89452,0.2597
435,Karauli,Rajasthan,175399,130835,44563,0.7459,0.619,0.5333,0.2291,0.0414,10040,9941,31115,0.3641
436,Kota,Rajasthan,2177025,1242523,934501,0.5707,0.6168,0.5505,0.0953,0.188,224148,100254,281236,0.3209
437,Nagaur,Rajasthan,340204,250036,90167,0.735,0.6617,0.5256,0.0639,0.0,21128,16828,53769,0.2791
438,Pali,Rajasthan,1510510,1059308,451201,0.7013,0.6558,0.5337,0.0809,0.0144,122072,71815,216394,0.3364
439,Rajsamand,Rajasthan,486215,326184,160030,0.6709,0.7182,0.654,0.2621,0.104,22544,17567,74081,0.3507
440,Sawai Madhopur,Rajasthan,183501,118453,65047,0.6455,0.639,0.4735,0.1256,0.2273,11211,12209,23385,0.3315
441,Sikar,Rajasthan,365685,332223,33461,0.9085,0.6845,0.6064,0.0,0.168,38920,19252,63615,0.3598
442,Sirohi,Rajasthan,519665,371146,148518,0.7142,0.6142,0.5135,0.1786,0.1451,43764,28047,85830,0.3176
443,Tonk,Rajasthan,223304,157323,65980,0.7045,0.6394,0.5075,0.1229,0.0779,15149,12209,30929,0.3411
444,Udaipur,Rajasthan,576365,368730,207634,0.6398,0.611,0.4837,0.2529,0.0097,57795,45924,73991,0.3506
445,East,Sikkim,79866,51493,28372,0.6447,0.5737,0.3962,0.0932,0.0,4116,3105,10152,0.0454
446,North Sikkim,Sikkim,420825,281859,138965,0.6698,0.6025,0.5218,0.147,0.1842,23337,24584,57056,0.0313
447,South Sikkim,Sikkim,308367,281529,26837,0.913,0.5867,0.4831,0.2348,0.0,23618,17077,64929,0.0697
448,West Sikkim,Sikkim,617250,488041,129208,0.7907,0.6491,0.5168,0.087,0.0401,38867,47790,96533,0.0769
449,Ariyalur,Tamil Nadu,138800,55063,83736,0.3967,0.6729,0.5616,0.1905,0.1428,8697,6599,12956,0.047
450,Chennai,Tamil Nadu,515600,233101,282498,0.4521,0.7198,0.5786,0.138,0.2215,31199,30680,54267,0.0866
451,Coimbatore,Tamil Nadu,336976,178318,158657,0.5292,0.7919,0.685,0.1188,0.0,24846,17763,36289,0.1096
452,Cuddalore,Tamil Nadu,678777,273570,405206,0.403,0.6681,0.6171,0.0957,0.1401,51661,27283,51195,0.0704
453,Dharmapuri,Tamil Nadu,347641,174688,172952,0.5025,0.7721,0.7025,0.208,0.1025,24770,11081,33299,0.0655
454,Dindigul,Tamil Nadu,1198480,676576,521903,0.5645,0.7519,0.6292,0.2712,0.1444,79038,56014,137965,0.0489
455,Erode,Tamil Nadu,168913,86086,82826,0.5096,0.6675,0.5986,0.097,0.0607,13330,8738,18105,0.0871
456,Kancheepuram,Tamil Nadu,894460,369961,524498,0.4136,0.6986,0.5206,0.2286,0.3278,55950,49592,86810,0.133
457,Kanniyakumari,Tamil Nadu,597949,299192,298756,0.5004,0.6698,0.5661,0.1588,0.0309,29924,22683,58227,0.095
458,Karur,Tamil Nadu,799108,208483,590624,0.2609,0.6728,0.5331,0.1604,0.1474,65269,38336,51678,0.1383
459,Madurai,Tamil Nadu,1656855,604583,1052271,0.3649,0.7334,0.6459,0.1693,0.0207,133956,103688,111875,0.0587
460,Nagapattinam,Tamil Nadu,510424,289001,221422,0.5662,0.68,0.623,0.1535,0.0,32005,24390,59849,0.0467
461,Namakkal,Tamil Nadu,101466,35297,66168,0.3479,0.7337,0.5568,0.1711,0.1737,5559,4968,7431,0.0489
462,Nilgiris,Tamil Nadu,259006,104971,154034,0.4053,0.6683,0.5375,0.2118,0.0,18295,17540,19643,0.1173
463,Perambalur,Tamil Nadu,328859,153376,175482,0.4664,0.7617,0.7003,0.2313,0.1785,18619,16393,31402,0.1128
464,Pudukkottai,Tamil Nadu,195451,67995,127455,0.3479,0.6253,0.559,0.0923,0.1251,9059,8080,16242,0.0931
465,Ramanathapuram,Tamil Nadu,156461,75063,81397,0.4798,0.7754,0.7193,0.1604,0.2114,6733,6728,15662,0.1453
466,Salem,Tamil Nadu,383960,185357,198602,0.4828,0.6306,0.5736,0.0817,0.0538,30740,18459,37730,0.1491
467,Sivaganga,Tamil Nadu,961231,424620,536610,0.4417,0.7006,0.5239,0.1306,0.2287,67217,38792,99717,0.0672
468,Thanjavur,Tamil Nadu,164845,70704,94140,0.4289,0.711,0.6542,0.1997,0.2366,9346,5638,12987,0.1858
469,Theni,Tamil Nadu,531703,198210,333492,0.3728,0.7039,0.649,0.1323,0.2091,49694,24806,47710,0.1169
470,Thiruvallur,Tamil Nadu,833912,391236,442675,0.4692,0.7066,0.6315,0.2123,0.0344,51449,36010,77186,0.1403
471,Thiruvarur,Tamil Nadu,684390,418654,265735,0.6117,0.745,0.6216,0.136,0.0,43631,34892,84074,0.1215
472,Thoothukudi,Tamil Nadu,240778,144114,96663,0.5985,0.7376,0.6253,0.1684,0.0898,16241,12487,29392,0.1077
473,Tiruchchirappalli,Tamil Nadu,279672,143493,136178,0.5131,0.7363,0.6102,0.1828,0.0582,8301,7056,27049,0.1867
474,Tirunelveli Kattabo,Tamil Nadu,1287494,539654,747839,0.4192,0.7042,0.5469,0.2639,0.07,91911,71144,126481,0.157
475,Tiruvannamalai,Tamil Nadu,538178,231454,306723,0.4301,0.5558,0.4566,0.0464,0.274,38633,23021,47113,0.0931
476,Vellore,Tamil Nadu,816725,537848,278876,0.6585,0.7548,0.6057,0.1198,0.0,61673,36864,111332,0.1381
477,Villupuram,Tamil Nadu,212614,90674,121939,0.4265,0.6984,0.5662,0.3597,0.0,14239,8767,20058,0.1421
478,Virudhunagar,Tamil Nadu,157023,76708,80314,0.4885,0.7398,0.5705,0.1899,0.2495,13029,10592,18885,0.0632
479,Adilabad,Telangana,443244,253417,189826,0.5717,0.5995,0.4926,0.0344,0.0518,26598,17073,55859,0.2941
480,Hyderabad,Telangana,654861,370681,284179,0.566,0.6344,0.5484,0.1,0.0,71754,41806,90319,0.2857
481,Karimnagar,Telangana,1069892,686191,383700,0.6414,0.7358,0.567,0.1534,0.047,124399,91194,140226,0.2367
482,Khammam,Telangana,1859575,1041201,818373,0.5599,0.6483,0.5882,0.1735,0.0,204508,108561,201155,0.3025
483,Mahbubnagar,Telangana,842361,523311,319049,0.6212,0.8919,0.7642,0.1727,0.0,83801,42438,99800,0.2051
484,Medak,Telangana,132650,86086,46563,0.649,0.5781,0.4972,0.1667,0.1428,13017,12141,17776,0.232
485,Nalgonda,Telangana,108478,48785,59692,0.4497,0.7168,0.6133,0.2111,0.213,6441,6984,11340,0.2315
486,Nizamabad,Telangana,248525,142850,105674,0.5748,0.8033,0.7072,0.1768,0.0,21633,20928,31767,0.2002
487,Rangareddi,Telangana,760552,571679,188872,0.7517,0.6986,0.5238,0.1737,0.3713,68444,57867,142594,0.3192
488,Warangal,Telangana,497754,273112,224641,0.5487,0.6083,0.4377,0.2334,0.2615,61066,37518,53577,0.1847
489,Dhalai,Tripura,165055,108492,56562,0.6573,0.7084,0.6382,0.1481,0.2087,17876,14462,24624,0.2723
490,North Tripura,Tripura,106801,73437,33363,0.6876,0.6152,0.5644,0.2639,0.3227,10139,5823,17209,0.2434
491,South Tripura,Tripura,461849,404120,57728,0.875,0.7512,0.6868,0.2057,0.1871,48886,34952,95942,0.2229
492,West Tripura,Tripura,72070,52868,19201,0.7336,0.6272,0.4544,0.2504,0.1405,5098,4198,10879,0.2998
493,Agra,Uttar Pradesh,308774,240724,68049,0.7796,0.6598,0.5622,0.146,0.0285,23493,19759,47027,0.44
494,Aligarh,Uttar Pradesh,457425,429787,27637,0.9396,0.5605,0.3986,0.1504,0.2938,35784,29362,100964,0.4711
495,Allahabad,Uttar Pradesh,742582,578435,164146,0.779,0.5768,0.4748,0.2195,0.227,67397,45565,128808,0.4076
496,Ambedkar Nagar,Uttar Pradesh,133055,100971,32083,0.7589,0.5339,0.4649,0.2623,0.0,11066,6056,18792,0.439
497,Auraiya,Uttar Pradesh,927778,592806,334971,0.639,0.6822,0.5647,0.2012,0.0,80311,68916,130170,0.3902
498,Azamgarh,Uttar Pradesh,152026,124728,27297,0.8204,0.6534,0.5254,0.1125,0.1913,19102,14017,26638,0.4361
499,Badaun,Uttar Pradesh,137500,117622,19877,0.8554,0.515,0.379,0.1472,0.1659,13522,6647,21805,0.4482
500,Baghpat,Uttar Pradesh,108446,87323,21122,0.8052,0.5229,0.4408,0.0843,0.0,11925,5267,21678,0.4702
501,Bahraich,Uttar Pradesh,125002,104779,20222,0.8382,0.5953,0.4176,0.1005,0.0,13636,7957,23354,0.5047
502,Ballia,Uttar Pradesh,1478018,1031112,446905,0.6976,0.5482,0.4599,0.0201,0.233,185109,117853,256869,0.4812
503,Balrampur,Uttar Pradesh,323818,227314,96503,0.702,0.633,0.5084,0.2534,0.1246,44400,32355,47140,0.479
504,Banda,Uttar Pradesh,449256,312279,136976,0.6951,0.5373,0.3951,0.2121,0.0,52644,37007,71949,0.4605
505,Bara Banki,Uttar Pradesh,684673,638596,46076,0.9327,0.5497,0.4422,0.0995,0.0495,31760,33748,125159,0.513
506,Bareilly,Uttar Pradesh,224009,185299,38709,0.8272,0.6496,0.5763,0.1155,0.0,20407,11030,36569,0.3977
507,Basti,Uttar Pradesh,135908,107868,28039,0.7937,0.6288,0.4769,0.1509,0.0,11693,6768,20256,0.4612
508,Bijnor,Uttar Pradesh,693618,486225,207392,0.701,0.6465,0.5701,0.0936,0.1819,76192,44415,120858,0.4745
509,Bulandshahr,Uttar Pradesh,351525,253967,97557,0.7225,0.6417,0.5583,0.1617,0.1229,30771,25344,55908,0.4779
510,Chandauli,Uttar Pradesh,402743,326092,76650,0.8097,0.6412,0.516,0.1454,0.2804,45545,27177,66876,0.4573
511,Chitrakoot,Uttar Pradesh,319203,263292,55910,0.8248,0.5547,0.4047,0.1615,0.1096,34227,29295,51381,0.4366
512,Deoria,Uttar Pradesh,2653535,2164737,488797,0.8158,0.5063,0.4493,0.1856,0.2409,248134,155707,468373,0.5346
513,Etah,Uttar Pradesh,103667,86012,17654,0.8297,0.6777,0.5273,0.1784,0.0231,6864,5045,16416,0.5495
514,Etawah,Uttar Pradesh,155768,114619,41148,0.7358,0.6101,0.5517,0.2048,0.0575,16069,10193,25563,0.535
515,Faizabad,Uttar Pradesh,523827,422007,101819,0.8056,0.5858,0.4473,0.1702,0.04,68075,50112,78570,0.4509
516,Farrukhabad,Uttar Pradesh,132071,100731,31339,0.7627,0.6061,0.4395,0.1829,0.1906,14804,10824,18479,0.3959
517,Fatehpur,Uttar Pradesh,332445,256575,75869,0.7718,0.6012,0.54,0.3274,0.1028,30256,17706,62275,0.5357
518,Firozabad,Uttar Pradesh,50000,41696,8303,0.8339,0.7333,0.6032,0.2564,0.0,6797,3255,8703,0.4258
519,Gautam Buddha Nagar,Uttar Pradesh,484614,400672,83941,0.8268,0.5702,0.4261,0.1984,0.29,54116,48521,91784,0.508
520,Ghaziabad,Uttar Pradesh,375251,304506,70744,0.8115,0.4989,0.3887,0.1921,0.0142,27777,29961,61663,0.4731
521,Ghazipur,Uttar Pradesh,490461,392142,98318,0.7995,0.5805,0.4767,0.2201,0.0685,50595,40905,77530,0.5229
522,Gonda,Uttar Pradesh,493322,385906,107415,0.7823,0.5777,0.518,0.1144,0.0,59909,31255,89685,0.4461
523,Gorakhpur,Uttar Pradesh,267322,189796,77525,0.71,0.5294,0.3857,0.2573,0.2445,31626,16738,39639,0.5167
524,Hamirpur,Uttar Pradesh,1143732,952400,191331,0.8327,0.7531,0.6181,0.1222,0.0066,83271,57310,221609,0.4503
525,Hardoi,Uttar Pradesh,163415,130429,32985,0.7981,0.6699,0.5598,0.1617,0.0,13789,15148,23747,0.5282
526,Hathras,Uttar Pradesh,298613,232729,65883,0.7794,0.5666,0.4099,0.1831,0.0983,27900,24612,57520,0.4934
527,Jalaun,Uttar Pradesh,92191,67900,24290,0.7365,0.6793,0.5219,0.0,0.0839,11696,6567,16247,0.4148
528,Jaunpur,Uttar Pradesh,614780,391898,222881,0.6375,0.6784,0.6055,0.2293,0.15,55258,55439,72043,0.4688
529,Jhansi,Uttar Pradesh,201026,154712,46313,0.7696,0.6262,0.4666,0.2282,0.2178,17456,15018,38282,0.5143
530,Jyotiba Phule Nagar,Uttar Pradesh,50000,48644,1355,0.9729,0.6386,0.5807,0.2849,0.0383,5877,3447,9140,0.4917
531,Kannauj,Uttar Pradesh,948868,784534,164333,0.8268,0.5952,0.4202,0.3277,0.1181,81568,71068,150962,0.5143
532,Kanpur,Uttar Pradesh,105878,72557,33320,0.6853,0.5628,0.5115,0.2738,0.1443,7281,7740,13884,0.5304
533,Kanpur Dehat,Uttar Pradesh,254225,221174,33050,0.87,0.5295,0.4392,0.3091,0.1046,20806,17290,42096,0.5008
534,Kaushambi,Uttar Pradesh,885818,668905,216912,0.7551,0.5726,0.5177,0.1395,0.0125,68643,57844,147970,0.4629
535,Kushinagar,Uttar Pradesh,671204,501356,169847,0.747,0.6181,0.4847,0.1807,0.121,55289,29737,118429,0.4696
536,Lakhimpur Kheri,Uttar Pradesh,543687,466063,77623,0.8572,0.776,0.6255,0.1123,0.0,51267,27077,97032,0.5493
537,Lalitpur,Uttar Pradesh,760021,545957,214063,0.7183,0.5966,0.5017,0.1092,0.0464,76213,64061,121194,0.4967
538,Lucknow,Uttar Pradesh,1151853,950942,200910,0.8256,0.5964,0.4229,0.2251,0.1578,114002,80433,195750,0.4502
539,Maharajganj,Uttar Pradesh,899410,796174,103235,0.8852,0.6829,0.5265,0.0774,0.1379,80572,62815,150755,0.5153
540,Mahoba,Uttar Pradesh,1819818,1445260,374557,0.7942,0.7703,0.719,0.1516,0.0,165167,177614,282510,0.5418
541,Mainpuri,Uttar Pradesh,895951,672881,223069,0.751,0.5954,0.4312,0.2048,0.2664,71715,83820,157925,0.449
542,Mathura,Uttar Pradesh,1417991,1332717,85273,0.9399,0.6821,0.5181,0.1348,0.1491,164979,117976,332481,0.5147
543,Mau,Uttar Pradesh,318154,251607,66546,0.7908,0.7193,0.6347,0.1537,0.0,41502,19853,62255,0.3961
544,Meerut,Uttar Pradesh,320346,263401,56944,0.8222,0.621,0.4557,0.1596,0.1342,28381,18891,49651,0.4679
545,Mirzapur,Uttar Pradesh,132246,93025,39220,0.7034,0.5918,0.4224,0.1914,0.1006,16517,10011,18835,0.4472
546,Moradabad,Uttar Pradesh,143050,98743,44306,0.6903,0.6525,0.5982,0.1928,0.0,13023,7768,22635,0.4458
547,Muzaffarnagar,Uttar Pradesh,711176,504162,207013,0.7089,0.6724,0.5423,0.0,0.1634,52928,39925,119770,0.4785
548,Pilibhit,Uttar Pradesh,676327,449169,227157,0.6641,0.6859,0.5801,0.0518,0.2714,60642,49523,108830,0.4512
549,Pratapgarh,Uttar Pradesh,399045,359980,39064,0.9021,0.6296,0.4805,0.136,0.0739,32819,23095,79176,0.4999
550,Rae Bareli,Uttar Pradesh,117986,84946,33039,0.72,0.7039,0.622,0.1447,0.1645,6546,5778,16696,0.4322
551,Rampur,Uttar Pradesh,243613,148625,94987,0.6101,0.6636,0.5888,0.128,0.0,15079,9744,29963,0.4879
552,Saharanpur,Uttar Pradesh,433693,336429,97263,0.7757,0.6595,0.4901,0.0,0.1454,33437,22022,72603,0.4055
553,Sant Kabir Nagar,Uttar Pradesh,636449,535296,101152,0.8411,0.6023,0.4312,0.0814,0.2031,51026,43612,107520,0.4864
554,Sant Ravi Das Nagar,Uttar Pradesh,322103,267051,55051,0.8291,0.5055,0.4002,0.1562,0.0027,45724,28499,58837,0.4494
555,Shahjahanpur,Uttar Pradesh,494768,373978,120789,0.7559,0.5545,0.399,0.1881,0.0,60778,31982,75791,0.4878
556,Shravasti,Uttar Pradesh,674180,522638,151541,0.7752,0.6604,0.5472,0.2081,0.061,47015,40714,95290,0.4709
557,Siddharth Nagar,Uttar Pradesh,606591,447088,159502,0.7371,0.5254,0.4239,0.2271,0.0175,37800,42943,97767,0.4858
558,Sitapur,Uttar Pradesh,1348196,1089746,258449,0.8083,0.6441,0.5036,0.0693,0.0,93175,82387,258300,0.4716
559,Sonbhadra,Uttar Pradesh,50000,47221,2778,0.9444,0.5364,0.4276,0.0486,0.0,3994,1940,10428,0.402
560,Sultanpur,Uttar Pradesh,674605,564588,110016,0.8369,0.7258,0.6023,0.1653,0.0,73879,34631,136481,0.54
561,Unnao,Uttar Pradesh,184563,158701,25861,0.8599,0.5959,0.4376,0.1004,0.0128,28123,20443,31891,0.4077
562,Varanasi,Uttar Pradesh,1028907,743194,285712,0.7223,0.5798,0.5119,0.1602,0.0,128711,54285,142877,0.396
563,Almora,Uttarakhand,255394,219607,35786,0.8599,0.7741,0.6469,0.1315,0.0456,11989,11266,42851,0.0495
564,Bageshwar,Uttarakhand,305998,210727,95270,0.6887,0.7159,0.6546,0.0471,0.1683,27788,13680,39490,0.1552
565,Chamoli,Uttarakhand,1382975,1007400,375574,0.7284,0.8413,0.7742,0.2167,0.0259,79584,84603,233918,0.1199
566,Champawat,Uttarakhand,285168,184979,100188,0.6487,0.6479,0.5863,0.1357,0.2916,29709,14399,35107,0.1923
567,Dehra Dun,Uttarakhand,455556,295689,159866,0.6491,0.7091,0.59,0.263,0.1456,29997,23119,55813,0.0576
568,Haridwar,Uttarakhand,82646,55779,26866,0.6749,0.6199,0.4946,0.1671,0.0,5823,4872,12209,0.1084
569,Naini Tal,Uttarakhand,76645,51314,25330,0.6695,0.7747,0.6112,0.166,0.0879,5947,5251,9446,0.1563
570,Pauri Garhwal,Uttarakhand,303547,201416,102130,0.6635,0.6943,0.588,0.1888,0.0,21733,14019,40615,0.1232
571,Pithoragarh,Uttarakhand,344412,196158,148253,0.5695,0.8028,0.6965,0.2218,0.0054,28628,17955,44315,0.0727
572,Rudra Prayag,Uttarakhand,287551,201093,86457,0.6993,0.6577,0.5475,0.1015,0.2582,22523,10824,37827,0.0841
573,Tehri Garhwal,Uttarakhand,353621,272820,80800,0.7715,0.6576,0.5898,0.1507,0.1838,26368,20601,52568,0.0649
574,Udham Singh Nagar,Uttarakhand,126334,77955,48378,0.6171,0.6669,0.5899,0.1477,0.0218,11999,9788,18074,0.1439
575,Uttarkashi,Uttarakhand,1545702,1111809,433892,0.7193,0.6853,0.5788,0.2205,0.0114,110460,64431,209102,0.1505
576,Bankura,West Bengal,164906,111303,53602,0.675,0.6834,0.5316,0.1046,0.0862,11084,8154,26471,0.2858
577,Barddhaman,West Bengal,488332,272353,215978,0.5577,0.6876,0.5597,0.1414,0.0657,55932,34305,57430,0.3657
578,Birbhum,West Bengal,2834976,2182351,652624,0.7698,0.5692,0.4993,0.0604,0.2279,241885,127843,492966,0.2985
579,Dakshin Dinajpur,West Bengal,393472,265697,127774,0.6753,0.5698,0.4585,0.0624,0.0934,32215,31449,52378,0.2627
580,Darjiling,West Bengal,152716,122059,30656,0.7993,0.7968,0.6342,0.1258,0.2318,10797,5446,30003,0.3465
581,East Midnapore,West Bengal,562536,484271,78264,0.8609,0.7864,0.6379,0.1127,0.0,70239,48812,110518,0.3254
582,Haora,West Bengal,453094,419184,33909,0.9252,0.6415,0.5051,0.2211,0.1088,33374,31759,89035,0.2799
583,Hugli,West Bengal,83403,62581,20821,0.7503,0.5546,0.4293,0.1521,0.0507,7921,3095,12815,0.3121
584,Jalpaiguri,West Bengal,481035,337304,143730,0.7012,0.6949,0.5471,0.1768,0.0,58156,30424,75697,0.375
585,Kochbihar,West Bengal,651725,529036,122688,0.8117,0.5912,0.4966,0.2793,0.049,42371,33645,96388,0.3327
586,Kolkata,West Bengal,170468,144705,25762,0.8489,0.6937,0.6277,0.1185,0.0952,16279,7760,26874,0.3029
587,Maldah,West Bengal,345917,238257,107659,0.6888,0.5874,0.4646,0.068,0.1414,32551,33266,57860,0.2456
588,Murshidabad,West Bengal,342413,208203,134209,0.608,0.677,0.5132,0.284,0.0496,26543,31322,44705,0.3305
589,Nadia,West Bengal,168398,121570,46827,0.7219,0.5533,0.3865,0.2086,0.0278,14785,9384,24623,0.291
590,North 24 Parganas,West Bengal,383977,245674,138302,0.6398,0.628,0.4713,0.079,0.2432,31831,19069,61338,0.3747
591,Puruliya,West Bengal,50000,36819,13180,0.7364,0.6466,0.5065,0.2175,0.0,4353,2595,8019,0.2228
592,South 24 Parganas,West Bengal,1240186,926728,313457,0.7472,0.6644,0.5192,0.2265,0.174,98380,60752,182685,0.2611
593,Uttar Dinajpur,West Bengal,371980,319056,52923,0.8577,0.7635,0.6972,0.1183,0.2556,30647,30225,72348,0.2205
594,West Midnapore,West Bengal,212889,155477,57411,0.7303,0.6686,0.5351,0.2133,0.2347,22933,10363,29218,0.3127
