district_id,solid_fuel_pct,bank_account_pct,electricity_pct,mobile_ownership_pct,improved_water_pct,sanitation_pct,women_bank_account_pct,child_stunting_pct
1,0.5033,0.6533,0.8623,0.8563,0.6929,0.65,0.5635,0.1819
2,0.2981,0.6044,0.7001,0.6381,0.5659,0.5851,0.503,0.1933
3,0.5472,0.6426,0.6929,0.6419,0.5973,0.5578,0.5078,0.2517
4,0.5744,0.5852,0.6021,0.7151,0.5937,0.4188,0.4954,0.2957
5,0.5832,0.7105,0.7176,0.7753,0.8174,0.6081,0.612,0.3168
6,0.5391,0.5169,0.6345,0.697,0.5581,0.5188,0.4601,0.3017
7,0.4235,0.4248,0.5732,0.6101,0.6131,0.5458,0.4143,0.3473
8,0.6253,0.5994,0.6872,0.7664,0.6828,0.603,0.5731,0.1607
9,0.5017,0.5546,0.7248,0.7989,0.4827,0.6659,0.4129,0.2164
10,0.587,0.4712,0.5574,0.6889,0.6438,0.6091,0.3789,0.3187
11,0.5112,0.6914,0.5804,0.6734,0.6409,0.5462,0.5748,0.2548
12,0.481,0.5625,0.7275,0.6965,0.5873,0.5845,0.4778,0.1941
13,0.5421,0.5537,0.7768,0.7677,0.7256,0.543,0.452,0.2071
14,0.4634,0.6509,0.8072,0.6626,0.6135,0.6274,0.5826,0.1818
15,0.4227,0.5784,0.5781,0.6671,0.6236,0.6047,0.4846,0.2678
16,0.6938,0.506,0.5472,0.6207,0.5795,0.5998,0.4694,0.3814
17,0.4331,0.597,0.6238,0.7074,0.4842,0.6242,0.5516,0.2268
18,0.6904,0.4825,0.632,0.5371,0.5529,0.4919,0.4413,0.3006
19,0.3962,0.4406,0.5898,0.6432,0.6882,0.5337,0.3786,0.3114
20,0.6968,0.4462,0.6387,0.5869,0.7118,0.5732,0.3439,0.3203
21,0.5392,0.6018,0.5938,0.6624,0.5832,0.4955,0.4888,0.1816
22,0.638,0.4763,0.5309,0.6156,0.5838,0.4961,0.4325,0.3102
23,0.5448,0.4351,0.6159,0.6631,0.5316,0.5523,0.3216,0.2343
24,0.7222,0.4368,0.4727,0.5129,0.5368,0.5108,0.3512,0.3243
25,0.6571,0.3988,0.758,0.8238,0.3855,0.5528,0.3031,0.2996
26,0.512,0.6154,0.6409,0.6315,0.5725,0.5826,0.4639,0.1933
27,0.7232,0.5104,0.5777,0.6298,0.5843,0.6087,0.4629,0.2117
28,0.4715,0.4969,0.6054,0.553,0.637,0.4428,0.497,0.3944
29,0.6489,0.4792,0.4806,0.6196,0.4877,0.3661,0.3928,0.3178
30,0.4488,0.71,0.5901,0.8216,0.4525,0.6425,0.5527,0.2261
31,0.5085,0.5578,0.5955,0.7415,0.6091,0.4271,0.4834,0.2313
32,0.4911,0.4589,0.5934,0.6763,0.4134,0.5121,0.4659,0.3565
33,0.662,0.3167,0.5248,0.4069,0.592,0.3868,0.3607,0.2869
34,0.6426,0.5441,0.5617,0.5663,0.5841,0.5256,0.5517,0.3366
35,0.573,0.418,0.5263,0.7155,0.4976,0.5983,0.3815,0.3449
36,0.45,0.6789,0.6682,0.7101,0.6458,0.5589,0.5372,0.2644
37,0.6566,0.4874,0.5311,0.5176,0.6742,0.562,0.4584,0.3186
38,0.5285,0.6655,0.5648,0.6209,0.6863,0.4792,0.6541,0.1959
39,0.6786,0.605,0.6295,0.6146,0.4964,0.6038,0.4757,0.3183
40,0.4873,0.6516,0.5981,0.6236,0.4172,0.5479,0.5356,0.2242
41,0.4046,0.5202,0.5496,0.6399,0.6265,0.496,0.46,0.2457
42,0.568,0.6932,0.5595,0.6745,0.4089,0.5833,0.5653,0.3203
43,0.4672,0.7036,0.593,0.6636,0.5904,0.4064,0.637,0.1992
44,0.6543,0.4384,0.6356,0.5736,0.6115,0.5362,0.3456,0.3319
45,0.615,0.4739,0.5514,0.5619,0.7148,0.532,0.4165,0.3679
46,0.4644,0.3118,0.557,0.5367,0.5272,0.4913,0.311,0.281
47,0.6165,0.5182,0.6537,0.6304,0.6966,0.5291,0.5292,0.2653
48,0.6747,0.4997,0.5443,0.6554,0.5076,0.2743,0.2716,0.3765
49,0.5948,0.7662,0.5756,0.6091,0.4869,0.4773,0.6009,0.3074
50,0.7923,0.5492,0.5267,0.5286,0.6282,0.4326,0.4523,0.3265
51,0.5663,0.4984,0.5527,0.7073,0.5741,0.6059,0.4135,0.3137
52,0.4713,0.608,0.5249,0.6163,0.5287,0.4772,0.4315,0.2666
53,0.6247,0.5306,0.5781,0.6666,0.5336,0.4172,0.4492,0.3345
54,0.5215,0.4857,0.5015,0.6827,0.5302,0.4111,0.4175,0.2503
55,0.5958,0.3304,0.5059,0.6646,0.4844,0.4918,0.2391,0.4013
56,0.5973,0.4229,0.6023,0.7372,0.6261,0.4582,0.3937,0.4669
57,0.455,0.4696,0.5809,0.6201,0.5246,0.4014,0.4694,0.2331
58,0.5545,0.6121,0.6143,0.6028,0.4589,0.4997,0.4824,0.2955
59,0.4291,0.6344,0.6028,0.6817,0.6612,0.4664,0.503,0.2374
60,0.564,0.5245,0.567,0.5327,0.5179,0.5337,0.4527,0.3577
61,0.8004,0.5263,0.6232,0.6457,0.6688,0.5836,0.495,0.36
62,0.6965,0.3929,0.5346,0.5993,0.4861,0.4381,0.2162,0.4606
63,0.5942,0.5445,0.6164,0.631,0.6327,0.3566,0.5827,0.3587
64,0.609,0.6334,0.489,0.6075,0.632,0.3167,0.5664,0.3122
65,0.7231,0.4422,0.6665,0.6197,0.5061,0.4005,0.3215,0.3157
66,0.5268,0.5448,0.5639,0.5577,0.5185,0.5206,0.4492,0.3152
67,0.6882,0.5597,0.5468,0.5462,0.5424,0.4952,0.4027,0.2718
68,0.474,0.5688,0.5767,0.7243,0.4297,0.4042,0.4668,0.2598
69,0.4622,0.5002,0.5506,0.6171,0.5444,0.4243,0.499,0.319
70,0.5384,0.5337,0.5342,0.6849,0.455,0.4817,0.4557,0.3732
71,0.6951,0.5483,0.5333,0.6551,0.501,0.564,0.47,0.2734
72,0.4796,0.5115,0.6571,0.6461,0.6546,0.4388,0.4412,0.3257
73,0.4411,0.6346,0.5845,0.6435,0.613,0.5566,0.5531,0.3542
74,0.7264,0.5453,0.5973,0.7021,0.626,0.3448,0.594,0.3182
75,0.7125,0.5188,0.6574,0.6041,0.6121,0.4866,0.5199,0.3268
76,0.7259,0.3149,0.5454,0.6189,0.5478,0.5169,0.2494,0.3515
77,0.8026,0.2261,0.6359,0.5647,0.5138,0.53,0.2536,0.4479
78,0.6541,0.5045,0.6198,0.5915,0.4986,0.4319,0.4707,0.3389
79,0.362,0.5676,0.6392,0.6886,0.5537,0.5844,0.417,0.2184
80,0.5861,0.5482,0.6219,0.5457,0.5735,0.5322,0.4567,0.2928
81,0.6837,0.4858,0.5988,0.6357,0.4672,0.539,0.4712,0.3435
82,0.502,0.4867,0.5774,0.548,0.5097,0.3691,0.444,0.3268
83,0.5221,0.4714,0.6048,0.6451,0.5456,0.4516,0.3622,0.3157
84,0.6197,0.5129,0.5442,0.588,0.4985,0.6293,0.3974,0.2843
85,0.8564,0.5589,0.4909,0.6797,0.4537,0.5235,0.4645,0.273
86,0.7825,0.502,0.6016,0.6202,0.4976,0.4958,0.4872,0.3389
87,0.7586,0.5744,0.5357,0.6199,0.514,0.3376,0.4837,0.3113
88,0.6097,0.4989,0.5516,0.6454,0.5821,0.4623,0.3557,0.416
89,0.6475,0.4619,0.4971,0.5478,0.6266,0.5112,0.4149,0.3284
90,0.7099,0.4574,0.5531,0.6144,0.5069,0.4803,0.399,0.3716
91,0.4542,0.5791,0.8712,0.773,0.7517,0.7415,0.543,0.2445
92,0.5497,0.5861,0.5904,0.6327,0.4953,0.5772,0.5406,0.3439
93,0.6339,0.5287,0.5626,0.5919,0.6524,0.5424,0.4147,0.3028
94,0.4663,0.5339,0.6846,0.7013,0.5224,0.4722,0.3756,0.2396
95,0.5538,0.4901,0.6442,0.6614,0.6076,0.4988,0.3772,0.2972
96,0.4488,0.5937,0.5919,0.7361,0.5539,0.6132,0.4485,0.2451
97,0.655,0.5635,0.6854,0.6301,0.7136,0.4818,0.534,0.2699
98,0.5212,0.4506,0.6246,0.7575,0.4971,0.6106,0.4284,0.2407
99,0.563,0.4301,0.5546,0.6134,0.5786,0.4815,0.4493,0.303
100,0.5456,0.6212,0.6168,0.8042,0.6279,0.4837,0.5558,0.2323
101,0.4889,0.609,0.7677,0.7319,0.6514,0.6216,0.4446,0.2958
102,0.4491,0.5437,0.7219,0.667,0.4979,0.5945,0.4147,0.248
103,0.6443,0.58,0.508,0.6972,0.506,0.5938,0.4627,0.323
104,0.6899,0.4942,0.6443,0.7109,0.5241,0.5729,0.4088,0.2777
105,0.5925,0.5163,0.6491,0.6252,0.546,0.5326,0.4367,0.2858
106,0.7004,0.2809,0.6257,0.6063,0.5562,0.6763,0.2397,0.3888
107,0.576,0.4925,0.5387,0.6218,0.4875,0.48,0.2906,0.2621
108,0.6543,0.5902,0.8394,0.8204,0.74,0.6417,0.4498,0.3479
109,0.5511,0.6829,0.8041,0.8687,0.7145,0.8158,0.6653,0.2414
110,0.4249,0.5124,0.8201,0.856,0.7423,0.7853,0.4634,0.1807
111,0.5889,0.5239,0.9476,0.8558,0.9037,0.8137,0.3391,0.2924
112,0.3393,0.6796,0.8605,0.8588,0.5997,0.8001,0.5495,0.1578
113,0.3373,0.7815,0.8477,0.8567,0.6794,0.7822,0.7318,0.2272
114,0.6057,0.5852,0.6126,0.6436,0.599,0.5308,0.4442,0.1925
115,0.474,0.4979,0.649,0.6214,0.6047,0.5221,0.4778,0.2994
116,0.6279,0.5422,0.5776,0.6669,0.4938,0.5402,0.4237,0.3164
117,0.4394,0.5499,0.7043,0.7506,0.5488,0.5769,0.4766,0.3641
118,0.4348,0.4745,0.827,0.6803,0.4688,0.546,0.2649,0.3113
119,0.5667,0.5265,0.6854,0.7877,0.4875,0.5165,0.4361,0.2319
120,0.5869,0.3932,0.669,0.6469,0.6527,0.5723,0.3446,0.2617
121,0.5907,0.493,0.7645,0.7922,0.631,0.7674,0.4913,0.3454
122,0.4143,0.4448,0.7731,0.7476,0.5742,0.7013,0.335,0.253
123,0.5516,0.4901,0.751,0.8109,0.684,0.7438,0.4733,0.2841
124,0.3622,0.4853,0.6558,0.5806,0.5378,0.5413,0.486,0.2579
125,0.4772,0.5567,0.7249,0.7081,0.7156,0.5514,0.4792,0.3029
126,0.4291,0.6887,0.7397,0.8099,0.6536,0.6586,0.5538,0.2031
127,0.5973,0.644,0.6354,0.7362,0.4192,0.5464,0.5954,0.2472
128,0.5315,0.3545,0.6956,0.7441,0.6738,0.6826,0.2908,0.2901
129,0.5173,0.4498,0.6033,0.5407,0.5311,0.672,0.3688,0.3476
130,0.4308,0.4914,0.7825,0.6278,0.5986,0.6319,0.4292,0.2243
131,0.2367,0.652,0.7284,0.7698,0.7271,0.5809,0.5692,0.2095
132,0.5472,0.621,0.7335,0.7332,0.644,0.4887,0.3959,0.2602
133,0.5961,0.5345,0.7583,0.8175,0.6631,0.714,0.4841,0.3966
134,0.5208,0.4945,0.634,0.8018,0.6701,0.6406,0.5761,0.3126
135,0.3602,0.619,0.6607,0.7287,0.5882,0.5683,0.4565,0.32
136,0.4771,0.6266,0.7575,0.7904,0.6484,0.6676,0.5393,0.2685
137,0.5738,0.5936,0.6799,0.8113,0.5772,0.6184,0.5253,0.2362
138,0.5058,0.4869,0.6877,0.6095,0.5918,0.631,0.4772,0.3382
139,0.3155,0.6231,0.6376,0.732,0.5959,0.552,0.5245,0.2645
140,0.5913,0.6019,0.7901,0.8082,0.6987,0.5107,0.5674,0.233
141,0.5078,0.594,0.602,0.8608,0.5026,0.6415,0.5108,0.208
142,0.6059,0.3993,0.6307,0.5815,0.5554,0.5962,0.3521,0.2552
143,0.5398,0.6231,0.6853,0.7945,0.6109,0.5308,0.622,0.2434
144,0.5171,0.5537,0.7101,0.668,0.462,0.5036,0.537,0.3123
145,0.4745,0.6884,0.7676,0.7278,0.6298,0.6532,0.5436,0.2527
146,0.5518,0.4636,0.6293,0.6749,0.6587,0.4097,0.375,0.2558
147,0.5843,0.5773,0.8115,0.7737,0.606,0.6385,0.473,0.3121
148,0.4921,0.4485,0.6414,0.7211,0.3985,0.6148,0.3742,0.2228
149,0.3075,0.4433,0.666,0.6885,0.6538,0.5285,0.3214,0.276
150,0.4499,0.6742,0.6492,0.8081,0.5507,0.5278,0.546,0.2766
151,0.6059,0.4371,0.6659,0.7669,0.5957,0.6059,0.4233,0.2975
152,0.5182,0.4939,0.6654,0.6749,0.5715,0.5231,0.4055,0.3025
153,0.6011,0.3555,0.6046,0.5585,0.6152,0.5772,0.315,0.2964
154,0.513,0.5746,0.6259,0.7718,0.6704,0.6493,0.458,0.3156
155,0.4794,0.6198,0.6728,0.7059,0.4287,0.5772,0.5314,0.2474
156,0.6864,0.4776,0.6154,0.6305,0.539,0.6158,0.4799,0.2542
157,0.516,0.4426,0.722,0.742,0.5916,0.459,0.3109,0.3179
158,0.6887,0.3235,0.5527,0.7017,0.5265,0.573,0.3074,0.2932
159,0.5245,0.5551,0.5698,0.616,0.6841,0.449,0.5257,0.2572
160,0.5989,0.5571,0.5388,0.6621,0.3714,0.4995,0.3501,0.2893
161,0.5422,0.687,0.5684,0.6493,0.5064,0.5464,0.4824,0.2278
162,0.5205,0.6211,0.5819,0.6928,0.4603,0.3201,0.5346,0.1886
163,0.5427,0.5646,0.6404,0.6324,0.5778,0.3684,0.4922,0.2906
164,0.5978,0.5782,0.6159,0.7674,0.5549,0.4504,0.619,0.1984
165,0.4872,0.6457,0.6506,0.6996,0.5534,0.5207,0.4931,0.3505
166,0.5247,0.6189,0.5771,0.6472,0.5071,0.3854,0.5181,0.2462
167,0.7328,0.4035,0.495,0.5374,0.6223,0.363,0.3711,0.3788
168,0.4504,0.5529,0.592,0.7872,0.4797,0.5876,0.4756,0.2581
169,0.6227,0.4717,0.5157,0.6779,0.4783,0.272,0.4334,0.2483
170,0.662,0.5813,0.5946,0.6843,0.5722,0.6048,0.441,0.3138
171,0.5664,0.5879,0.6856,0.671,0.7304,0.6765,0.5138,0.2859
172,0.6227,0.4991,0.5701,0.7672,0.596,0.5199,0.4248,0.1568
173,0.463,0.5636,0.7574,0.8055,0.671,0.6392,0.4042,0.2831
174,0.5644,0.672,0.7856,0.6135,0.5755,0.5277,0.5798,0.2583
175,0.5439,0.6181,0.5669,0.6055,0.4882,0.4968,0.4639,0.2788
176,0.4924,0.5438,0.7076,0.7102,0.6773,0.5503,0.461,0.2357
177,0.5828,0.5576,0.6538,0.7073,0.5512,0.6275,0.445,0.3479
178,0.5476,0.6553,0.6344,0.6158,0.573,0.4952,0.4879,0.3073
179,0.603,0.4662,0.6032,0.6106,0.7107,0.4711,0.3302,0.358
180,0.539,0.6767,0.6642,0.7473,0.7102,0.554,0.538,0.3181
181,0.619,0.4305,0.5837,0.5169,0.6343,0.5218,0.3578,0.2233
182,0.4431,0.5343,0.6388,0.7105,0.6508,0.7313,0.4531,0.3352
183,0.505,0.4165,0.6132,0.5707,0.5801,0.4762,0.2563,0.394
184,0.5493,0.4018,0.6527,0.6032,0.6519,0.4565,0.3145,0.334
185,0.5568,0.6464,0.6665,0.7461,0.6583,0.585,0.5423,0.1842
186,0.5949,0.5594,0.6274,0.7626,0.4736,0.6631,0.4744,0.2981
187,0.5816,0.3767,0.5986,0.6551,0.6212,0.4917,0.2106,0.253
188,0.6996,0.5003,0.6936,0.6265,0.5503,0.566,0.3843,0.3581
189,0.6655,0.4813,0.5638,0.6394,0.6799,0.4679,0.4956,0.31
190,0.6444,0.5724,0.5141,0.6498,0.5312,0.4078,0.5044,0.2968
191,0.5778,0.5015,0.6739,0.6554,0.6306,0.5333,0.5592,0.2411
192,0.5199,0.4959,0.76,0.5998,0.6338,0.5753,0.4382,0.3622
193,0.6833,0.4959,0.6036,0.5334,0.5603,0.4383,0.4122,0.2179
194,0.6436,0.3727,0.628,0.568,0.5107,0.6014,0.3462,0.3889
195,0.704,0.4715,0.7029,0.5734,0.6379,0.4934,0.3543,0.3362
196,0.7074,0.5548,0.5516,0.6093,0.5612,0.4621,0.4986,0.3238
197,0.6412,0.427,0.5896,0.5696,0.5738,0.6111,0.3392,0.3091
198,0.6353,0.3847,0.6062,0.6872,0.349,0.4639,0.3821,0.3625
199,0.638,0.5526,0.6461,0.682,0.5646,0.5434,0.4381,0.3769
200,0.76,0.5544,0.6106,0.5737,0.6946,0.569,0.4877,0.2974
201,0.7251,0.3351,0.6169,0.6688,0.6968,0.5348,0.2157,0.3829
202,0.7459,0.4633,0.6483,0.7571,0.6453,0.7249,0.3572,0.2575
203,0.627,0.5025,0.6047,0.6792,0.6404,0.5576,0.45,0.2537
204,0.6123,0.8556,0.7493,0.7333,0.531,0.5701,0.7165,0.2177
205,0.5149,0.7064,0.7438,0.705,0.5117,0.6751,0.598,0.1692
206,0.5845,0.6393,0.5655,0.661,0.6061,0.6382,0.5177,0.2274
207,0.5781,0.5369,0.737,0.6563,0.5237,0.6627,0.469,0.3244
208,0.458,0.5501,0.7278,0.6236,0.6881,0.6522,0.5105,0.2256
209,0.4306,0.5829,0.6424,0.6771,0.6765,0.6526,0.443,0.2943
210,0.5683,0.6794,0.6759,0.7572,0.6225,0.6161,0.5131,0.256
211,0.4615,0.6274,0.6893,0.7749,0.618,0.5547,0.4965,0.2888
212,0.553,0.4758,0.7594,0.6374,0.6831,0.6552,0.3757,0.3742
213,0.403,0.6518,0.8013,0.7941,0.6101,0.5126,0.486,0.2308
214,0.4198,0.5533,0.754,0.7631,0.71,0.5837,0.4362,0.2526
215,0.3529,0.8661,0.7344,0.7117,0.6454,0.661,0.7299,0.1056
216,0.7008,0.4569,0.7158,0.7036,0.6663,0.7022,0.4164,0.2761
217,0.5462,0.6006,0.7015,0.6725,0.5236,0.597,0.5289,0.1514
218,0.5114,0.5625,0.7901,0.7336,0.5453,0.6314,0.4323,0.3155
219,0.5375,0.546,0.7153,0.6445,0.5129,0.6143,0.4091,0.2285
220,0.5345,0.6516,0.6967,0.7319,0.5888,0.7838,0.5992,0.2244
221,0.561,0.4947,0.6257,0.7135,0.6267,0.5526,0.4329,0.277
222,0.5768,0.4664,0.6998,0.7037,0.6877,0.635,0.3375,0.2742
223,0.5455,0.682,0.7098,0.6988,0.6424,0.5226,0.6451,0.2687
224,0.521,0.5042,0.6548,0.762,0.6036,0.592,0.4572,0.2698
225,0.4983,0.6409,0.5969,0.745,0.5926,0.5837,0.5465,0.2563
226,0.6215,0.4957,0.6841,0.7627,0.6623,0.6333,0.559,0.309
227,0.6317,0.5252,0.6558,0.6911,0.6895,0.6339,0.4666,0.2795
228,0.4648,0.5729,0.791,0.8033,0.5823,0.7081,0.4544,0.2906
229,0.4371,0.7644,0.6581,0.7584,0.6422,0.5178,0.6461,0.2021
230,0.6035,0.4116,0.7156,0.6023,0.6623,0.582,0.28,0.3766
231,0.3159,0.709,0.7116,0.782,0.5318,0.6456,0.649,0.1758
232,0.5285,0.5411,0.7181,0.5407,0.7919,0.6311,0.4948,0.299
233,0.2597,0.7267,0.741,0.837,0.6395,0.6859,0.579,0.2508
234,0.3599,0.7969,0.8342,0.8602,0.7309,0.6164,0.7357,0.2145
235,0.3452,0.7099,0.8444,0.7767,0.5863,0.647,0.5124,0.2917
236,0.2745,0.7103,0.7107,0.7157,0.662,0.6296,0.6456,0.1408
237,0.4178,0.4549,0.582,0.8462,0.7753,0.5977,0.3455,0.2469
238,0.5236,0.6025,0.7432,0.7654,0.5903,0.5945,0.5268,0.1904
239,0.5461,0.5292,0.7821,0.8355,0.6692,0.7401,0.3602,0.259
240,0.5274,0.6867,0.6526,0.7293,0.7821,0.5957,0.5731,0.2881
241,0.4394,0.7761,0.7715,0.8678,0.6154,0.5972,0.6484,0.1508
242,0.573,0.5355,0.6439,0.7334,0.5173,0.6314,0.4313,0.3397
243,0.4548,0.6426,0.7523,0.7979,0.6607,0.5269,0.5967,0.2498
244,0.5195,0.6768,0.7177,0.719,0.7088,0.6351,0.6221,0.2276
245,0.6002,0.6217,0.6515,0.6747,0.5919,0.6206,0.5257,0.2858
246,0.5047,0.6151,0.7419,0.7853,0.5911,0.5707,0.4878,0.2445
247,0.4962,0.655,0.8501,0.72,0.7826,0.7064,0.5074,0.3211
248,0.6835,0.5468,0.7048,0.7294,0.7204,0.6203,0.3984,0.3972
249,0.5967,0.567,0.5756,0.7274,0.5417,0.5502,0.5191,0.2314
250,0.4807,0.5507,0.645,0.6911,0.5039,0.554,0.5038,0.3288
251,0.5242,0.4283,0.6515,0.6991,0.6305,0.5149,0.379,0.3922
252,0.6373,0.3616,0.647,0.765,0.4907,0.5389,0.296,0.3447
253,0.6214,0.5839,0.6014,0.7124,0.5495,0.4726,0.4629,0.2135
254,0.5539,0.7205,0.66,0.7312,0.543,0.52,0.6617,0.357
255,0.6537,0.6343,0.6233,0.6953,0.5039,0.4202,0.4828,0.2671
256,0.4555,0.5187,0.6888,0.7187,0.5144,0.5647,0.4249,0.2248
257,0.6633,0.3924,0.489,0.6417,0.5562,0.5166,0.3066,0.2675
258,0.5294,0.5532,0.696,0.6646,0.5565,0.6917,0.4605,0.2976
259,0.6435,0.5583,0.6575,0.6718,0.6008,0.5027,0.4908,0.407
260,0.7312,0.492,0.6439,0.5699,0.5469,0.5675,0.4926,0.2907
261,0.4969,0.7141,0.6808,0.8116,0.6245,0.5932,0.5917,0.3115
262,0.7331,0.3974,0.6262,0.6979,0.5896,0.5093,0.3883,0.3943
263,0.5513,0.5433,0.5255,0.5879,0.5561,0.4881,0.4135,0.2612
264,0.4044,0.655,0.5439,0.6537,0.4227,0.5716,0.4666,0.2428
265,0.7446,0.5998,0.5525,0.6664,0.5178,0.4592,0.5041,0.3743
266,0.6346,0.4622,0.6805,0.5291,0.5333,0.4876,0.3968,0.3026
267,0.5977,0.4865,0.6046,0.6689,0.5765,0.4836,0.4337,0.3579
268,0.4171,0.6403,0.7373,0.6767,0.74,0.4854,0.527,0.1852
269,0.8193,0.4211,0.5872,0.5986,0.5863,0.4892,0.3513,0.1667
270,0.5261,0.5962,0.6662,0.7656,0.5407,0.5714,0.4517,0.2988
271,0.5304,0.4414,0.6355,0.7531,0.6055,0.6495,0.3377,0.3615
272,0.6181,0.4212,0.6988,0.6744,0.6644,0.5362,0.4021,0.4537
273,0.6143,0.3084,0.6388,0.5927,0.5728,0.5528,0.2393,0.3501
274,0.6097,0.5883,0.6176,0.5623,0.4807,0.5258,0.4436,0.2346
275,0.5349,0.6744,0.6343,0.7388,0.594,0.5948,0.6034,0.1075
276,0.5247,0.6171,0.5536,0.6626,0.5881,0.4797,0.6,0.3213
277,0.5181,0.5623,0.5137,0.6796,0.4822,0.5717,0.4856,0.3074
278,0.7352,0.4573,0.7995,0.6728,0.5283,0.5461,0.3701,0.3678
279,0.5032,0.5053,0.619,0.6343,0.6424,0.572,0.4878,0.2853
280,0.6841,0.4296,0.5258,0.5719,0.5545,0.5794,0.335,0.2861
281,0.597,0.5185,0.6306,0.6203,0.4988,0.5144,0.4996,0.3276
282,0.5223,0.6287,0.5312,0.7206,0.637,0.4644,0.4595,0.3964
283,0.5374,0.5848,0.6781,0.7431,0.6704,0.4839,0.513,0.1963
284,0.5793,0.5745,0.6767,0.6937,0.5752,0.5019,0.5279,0.3459
285,0.4432,0.6499,0.7137,0.7341,0.4891,0.501,0.5134,0.1405
286,0.6826,0.5657,0.6133,0.53,0.4199,0.5146,0.5793,0.2544
287,0.6852,0.4495,0.6333,0.7155,0.56,0.4823,0.4529,0.33
288,0.632,0.5061,0.736,0.71,0.6362,0.5748,0.405,0.2885
289,0.5621,0.588,0.5613,0.541,0.4023,0.3506,0.5307,0.2385
290,0.582,0.5577,0.6301,0.7009,0.5909,0.3437,0.4579,0.3075
291,0.6714,0.6827,0.5783,0.668,0.4599,0.6529,0.6309,0.2835
292,0.5353,0.6869,0.6894,0.7617,0.604,0.5044,0.6222,0.2944
293,0.5186,0.5411,0.7246,0.8,0.5411,0.5495,0.4775,0.304
294,0.5265,0.6571,0.6944,0.7157,0.753,0.5419,0.5541,0.2245
295,0.58,0.4075,0.6561,0.6753,0.5515,0.5117,0.3844,0.2617
296,0.6158,0.5358,0.5945,0.712,0.4929,0.5754,0.3973,0.3889
297,0.4256,0.446,0.7521,0.7121,0.5396,0.6822,0.2795,0.2393
298,0.4189,0.6867,0.7797,0.8203,0.6126,0.445,0.6032,0.3081
299,0.6896,0.5173,0.6656,0.6592,0.813,0.5259,0.3823,0.3672
300,0.5498,0.4303,0.7285,0.6952,0.568,0.4719,0.4682,0.3143
301,0.6771,0.5791,0.6895,0.6701,0.7612,0.7179,0.3984,0.3265
302,0.4114,0.5967,0.7673,0.711,0.6103,0.5983,0.4822,0.2219
303,0.4235,0.6919,0.7525,0.8454,0.6304,0.5894,0.676,0.2282
304,0.4716,0.6716,0.6023,0.7671,0.6352,0.6531,0.6153,0.3055
305,0.504,0.5131,0.83,0.6405,0.528,0.6641,0.5174,0.2883
306,0.5572,0.4797,0.6798,0.6315,0.6817,0.4965,0.3438,0.2863
307,0.6232,0.5374,0.7398,0.746,0.6194,0.5346,0.485,0.3188
308,0.5773,0.6024,0.6696,0.7786,0.6435,0.5942,0.4973,0.232
309,0.6175,0.4348,0.6799,0.6964,0.782,0.7033,0.2875,0.3728
310,0.6107,0.5011,0.6042,0.7353,0.7346,0.7417,0.3824,0.363
311,0.3516,0.5229,0.7231,0.7993,0.765,0.7108,0.3769,0.3326
312,0.6188,0.3843,0.615,0.7574,0.6359,0.5284,0.3163,0.3438
313,0.4724,0.5057,0.8101,0.8072,0.6016,0.5951,0.4478,0.2039
314,0.6705,0.3415,0.684,0.5782,0.5495,0.7027,0.2932,0.3717
315,0.3676,0.5166,0.7382,0.732,0.4655,0.6296,0.4574,0.3498
316,0.4999,0.388,0.6175,0.6243,0.6632,0.3771,0.3074,0.3761
317,0.544,0.6058,0.6277,0.6143,0.7514,0.6168,0.5201,0.228
318,0.454,0.572,0.7737,0.9278,0.6594,0.5699,0.3595,0.1517
319,0.5347,0.616,0.7116,0.8282,0.7448,0.6162,0.5034,0.2182
320,0.5964,0.3979,0.6881,0.651,0.7939,0.5982,0.3958,0.3005
321,0.555,0.5305,0.7171,0.7634,0.6244,0.7658,0.5223,0.3324
322,0.6047,0.6749,0.6074,0.7814,0.5328,0.5397,0.6017,0.3346
323,0.4922,0.4677,0.6899,0.6683,0.6932,0.8255,0.4185,0.2795
324,0.4171,0.5432,0.6721,0.754,0.6756,0.5867,0.561,0.2425
325,0.5064,0.6033,0.8093,0.8218,0.7092,0.7383,0.4795,0.3227
326,0.5779,0.6817,0.6621,0.6893,0.7234,0.4599,0.604,0.3139
327,0.5363,0.4647,0.6705,0.6636,0.6164,0.5764,0.3581,0.3071
328,0.5706,0.6217,0.6761,0.6994,0.5891,0.5545,0.4432,0.2284
329,0.4324,0.5738,0.7581,0.6089,0.5853,0.5087,0.4745,0.3325
330,0.4927,0.5726,0.7262,0.7253,0.5277,0.5646,0.4454,0.2927
331,0.4448,0.6102,0.7029,0.7722,0.6396,0.6523,0.5426,0.1916
332,0.7196,0.3985,0.5323,0.4237,0.562,0.4408,0.3586,0.2453
333,0.4314,0.6418,0.667,0.7703,0.5869,0.6162,0.5753,0.2969
334,0.5672,0.5033,0.5602,0.6935,0.4568,0.4707,0.4085,0.2808
335,0.3885,0.5074,0.7004,0.7948,0.45,0.6002,0.4855,0.2793
336,0.4332,0.5729,0.6829,0.755,0.6041,0.5663,0.4328,0.2632
337,0.5764,0.5719,0.6818,0.8014,0.5588,0.666,0.4494,0.3357
338,0.6186,0.5662,0.7327,0.7291,0.5135,0.5235,0.5379,0.3135
339,0.4028,0.6144,0.6573,0.6868,0.7638,0.5635,0.5192,0.3044
340,0.6027,0.5459,0.5112,0.5938,0.646,0.6045,0.4254,0.2772
341,0.6072,0.5006,0.6184,0.7246,0.5343,0.3942,0.3605,0.2943
342,0.4193,0.5235,0.5359,0.7573,0.7313,0.4314,0.4578,0.2435
343,0.4208,0.7995,0.6183,0.7205,0.487,0.6219,0.5164,0.1811
344,0.5441,0.5154,0.6696,0.7497,0.4577,0.673,0.3669,0.3486
345,0.4723,0.609,0.6645,0.7436,0.6167,0.5205,0.506,0.1974
346,0.3624,0.5572,0.7357,0.7605,0.7211,0.7017,0.5723,0.1446
347,0.495,0.6358,0.7686,0.8059,0.6205,0.6399,0.5032,0.2681
348,0.3056,0.6675,0.8115,0.7656,0.6827,0.7015,0.6322,0.4064
349,0.499,0.6433,0.8154,0.8537,0.5934,0.5957,0.5437,0.2547
350,0.3694,0.5272,0.7965,0.7583,0.7873,0.5691,0.5657,0.1985
351,0.3392,0.572,0.7037,0.749,0.6627,0.6467,0.4441,0.2933
352,0.4779,0.6554,0.7371,0.6872,0.5225,0.634,0.4937,0.1949
353,0.4478,0.5515,0.8624,0.8236,0.6711,0.6194,0.507,0.2266
354,0.6011,0.4556,0.533,0.5183,0.4953,0.5416,0.3871,0.399
355,0.5003,0.5524,0.6907,0.6327,0.6628,0.5918,0.4381,0.3058
356,0.4244,0.6688,0.6419,0.6728,0.583,0.5063,0.5175,0.2013
357,0.5564,0.6126,0.6665,0.6944,0.6648,0.4253,0.5606,0.1629
358,0.4227,0.529,0.7707,0.7976,0.6534,0.5871,0.3565,0.2891
359,0.4576,0.5425,0.6852,0.6927,0.6718,0.4419,0.4649,0.2196
360,0.4041,0.6824,0.6636,0.7806,0.6059,0.5732,0.5565,0.213
361,0.4834,0.5623,0.624,0.6466,0.7064,0.5669,0.4588,0.2867
362,0.4912,0.5173,0.5568,0.5694,0.5639,0.4374,0.422,0.262
363,0.7777,0.5224,0.5252,0.586,0.6318,0.6222,0.41,0.344
364,0.6416,0.5153,0.5924,0.6623,0.631,0.5332,0.4041,0.291
365,0.7886,0.4967,0.6319,0.6521,0.5786,0.496,0.4671,0.3608
366,0.593,0.4971,0.6062,0.6462,0.5192,0.6744,0.3455,0.3415
367,0.4844,0.5624,0.7625,0.6196,0.5201,0.5329,0.4356,0.3276
368,0.5787,0.5341,0.5243,0.5168,0.5386,0.381,0.5299,0.2403
369,0.432,0.6253,0.6058,0.6071,0.7343,0.465,0.5217,0.2464
370,0.6329,0.571,0.5532,0.6312,0.5327,0.547,0.4269,0.3903
371,0.5423,0.4989,0.5667,0.5695,0.5104,0.4568,0.4034,0.2661
372,0.6432,0.4703,0.5517,0.6217,0.6341,0.5114,0.3948,0.2342
373,0.5291,0.4053,0.637,0.6505,0.4725,0.4322,0.3032,0.2823
374,0.6086,0.5177,0.7187,0.7354,0.6708,0.5617,0.4189,0.325
375,0.5955,0.5921,0.6396,0.6504,0.5904,0.6412,0.4316,0.4078
376,0.6178,0.3799,0.5436,0.5166,0.6038,0.4085,0.3313,0.3936
377,0.4919,0.5569,0.5207,0.6405,0.7437,0.5403,0.4601,0.2429
378,0.5116,0.6235,0.5508,0.7068,0.4441,0.4046,0.5485,0.1901
379,0.6808,0.4823,0.5129,0.6362,0.4331,0.5529,0.3975,0.4169
380,0.6079,0.5133,0.5365,0.6499,0.4768,0.6653,0.4358,0.3189
381,0.3696,0.72,0.6434,0.8336,0.5794,0.471,0.6931,0.1686
382,0.5412,0.3513,0.5824,0.6399,0.5241,0.4225,0.2698,0.2879
383,0.7037,0.4917,0.5445,0.6453,0.5319,0.4208,0.4278,0.2725
384,0.6596,0.3553,0.5495,0.4973,0.5549,0.6136,0.2961,0.3786
385,0.7534,0.5781,0.56,0.6203,0.5517,0.454,0.4635,0.3327
386,0.6465,0.4285,0.5821,0.6396,0.6192,0.603,0.4994,0.2779
387,0.5041,0.621,0.57,0.6665,0.5176,0.3206,0.534,0.2559
388,0.6717,0.5558,0.4972,0.6259,0.3547,0.3752,0.5042,0.2707
389,0.7138,0.3495,0.5081,0.5609,0.5807,0.4673,0.3292,0.4128
390,0.521,0.6586,0.5513,0.6029,0.6131,0.3982,0.5885,0.2732
391,0.6994,0.5069,0.5441,0.6417,0.4628,0.3919,0.4546,0.3073
392,0.3711,0.6643,0.9001,0.7989,0.6592,0.6008,0.5625,0.2511
393,0.5814,0.5466,0.8873,0.8173,0.8235,0.8084,0.5431,0.2832
394,0.2928,0.6975,0.9454,0.9538,0.8674,0.9426,0.6238,0.2353
395,0.2745,0.7013,0.832,0.8624,0.7292,0.7927,0.5912,0.2567
396,0.266,0.6225,0.7745,0.8561,0.6868,0.7323,0.5376,0.2512
397,0.5351,0.6067,0.6478,0.6981,0.5191,0.6239,0.5162,0.2357
398,0.4612,0.6176,0.7579,0.6656,0.5334,0.6857,0.4562,0.2916
399,0.6032,0.731,0.7616,0.7955,0.8147,0.4613,0.5981,0.2787
400,0.5814,0.5612,0.6903,0.6773,0.6135,0.5556,0.4496,0.3342
401,0.4495,0.6486,0.7332,0.7901,0.5324,0.4816,0.5511,0.4062
402,0.5482,0.6136,0.7311,0.8056,0.5078,0.7058,0.5132,0.2271
403,0.3716,0.8044,0.7271,0.7208,0.6716,0.5218,0.6687,0.2381
404,0.4652,0.7578,0.7383,0.9206,0.5626,0.6352,0.6222,0.2498
405,0.519,0.6881,0.6739,0.8019,0.6726,0.5982,0.612,0.2771
406,0.5657,0.5494,0.6257,0.6757,0.4614,0.6197,0.4052,0.2688
407,0.5917,0.6076,0.6147,0.7045,0.6675,0.6071,0.5837,0.2399
408,0.293,0.7158,0.6192,0.6277,0.5555,0.6322,0.5453,0.3351
409,0.3898,0.6399,0.6747,0.7686,0.6292,0.5314,0.6852,0.213
410,0.4596,0.6605,0.8021,0.8022,0.5328,0.6263,0.4674,0.3001
411,0.2199,0.6968,0.7391,0.8507,0.6007,0.7456,0.6284,0.2082
412,0.3751,0.7508,0.6362,0.8398,0.7576,0.6123,0.6897,0.0735
413,0.4431,0.7293,0.7099,0.6655,0.5592,0.3861,0.6405,0.126
414,0.5775,0.6948,0.6679,0.7651,0.5933,0.6085,0.5332,0.2736
415,0.3559,0.495,0.6459,0.7066,0.6008,0.5066,0.5151,0.2653
416,0.5521,0.5802,0.7172,0.7346,0.6357,0.6186,0.4019,0.1861
417,0.4556,0.6403,0.6736,0.7314,0.6146,0.4574,0.5437,0.1611
418,0.6301,0.3584,0.692,0.5797,0.5888,0.6372,0.316,0.2514
419,0.4091,0.5483,0.5575,0.7357,0.6112,0.5731,0.4962,0.2371
420,0.5532,0.4588,0.5934,0.5797,0.4997,0.5216,0.3841,0.4561
421,0.4478,0.5572,0.5094,0.6334,0.5078,0.5397,0.4511,0.2684
422,0.4544,0.526,0.6095,0.6918,0.5773,0.5812,0.4354,0.2411
423,0.4405,0.5678,0.5822,0.7027,0.6746,0.5039,0.4314,0.293
424,0.5911,0.5221,0.5984,0.7032,0.6138,0.5024,0.3611,0.3145
425,0.5323,0.5228,0.6406,0.5421,0.5916,0.569,0.4762,0.3146
426,0.3054,0.7463,0.648,0.6507,0.4917,0.5437,0.6683,0.1919
427,0.6956,0.3505,0.5498,0.5011,0.4957,0.6075,0.4008,0.3527
428,0.5053,0.5284,0.6784,0.5895,0.5492,0.6551,0.3969,0.2537
429,0.55,0.5714,0.6263,0.6929,0.6445,0.6948,0.4794,0.2812
430,0.5846,0.6192,0.5631,0.7391,0.642,0.5546,0.5215,0.1562
431,0.609,0.5685,0.5818,0.634,0.5666,0.4947,0.4956,0.3384
432,0.5277,0.5449,0.581,0.736,0.5487,0.6919,0.5574,0.3564
433,0.5184,0.5581,0.6401,0.6877,0.5276,0.5861,0.4744,0.3067
434,0.3701,0.6586,0.6493,0.7477,0.6073,0.575,0.5575,0.2848
435,0.5635,0.4243,0.6539,0.6118,0.4703,0.4539,0.3748,0.3051
436,0.393,0.4974,0.7535,0.6672,0.6156,0.6681,0.4626,0.3546
437,0.3223,0.6838,0.6702,0.8315,0.5169,0.4149,0.5816,0.2532
438,0.5978,0.6327,0.6463,0.6732,0.6314,0.5327,0.5208,0.3263
439,0.5933,0.6863,0.6669,0.5965,0.5869,0.5222,0.5769,0.2105
440,0.5517,0.4704,0.6056,0.7638,0.5288,0.5696,0.4476,0.3431
441,0.6068,0.603,0.6097,0.7429,0.5615,0.3449,0.4861,0.3007
442,0.5299,0.6355,0.634,0.6694,0.6757,0.5244,0.549,0.3357
443,0.4411,0.5235,0.6875,0.6827,0.706,0.4358,0.3605,0.3304
444,0.6444,0.5058,0.6863,0.7223,0.543,0.5168,0.4394,0.3502
445,0.5122,0.4738,0.6446,0.683,0.6059,0.5186,0.4651,0.2962
446,0.5616,0.4007,0.6169,0.6983,0.6247,0.5945,0.3682,0.4233
447,0.5621,0.3853,0.4996,0.5685,0.4482,0.4587,0.3902,0.4038
448,0.6001,0.7016,0.5957,0.5685,0.647,0.3848,0.5586,0.2962
449,0.4932,0.5586,0.7169,0.7565,0.7613,0.6773,0.4333,0.2126
450,0.4046,0.6393,0.7803,0.7214,0.4875,0.6925,0.4985,0.2826
451,0.3589,0.604,0.7544,0.9316,0.7012,0.6562,0.5313,0.1353
452,0.416,0.3921,0.8589,0.8451,0.7105,0.6819,0.2557,0.2826
453,0.576,0.6655,0.7252,0.6801,0.7597,0.6485,0.4778,0.1784
454,0.3527,0.6299,0.7349,0.7329,0.6928,0.6301,0.5885,0.2184
455,0.7606,0.5279,0.6845,0.6703,0.6302,0.5093,0.4634,0.1849
456,0.4954,0.4992,0.7552,0.8029,0.8602,0.5988,0.4168,0.2344
457,0.4446,0.5193,0.775,0.7055,0.8298,0.6629,0.3909,0.2618
458,0.4237,0.6279,0.7483,0.7038,0.6744,0.778,0.5954,0.3371
459,0.4922,0.6176,0.8405,0.725,0.543,0.7313,0.4747,0.2416
460,0.5222,0.5954,0.7564,0.7767,0.6457,0.5786,0.5115,0.2387
461,0.4321,0.8069,0.8167,0.8243,0.6392,0.779,0.7239,0.2642
462,0.5231,0.6404,0.8351,0.7701,0.6692,0.7342,0.4992,0.2327
463,0.433,0.5256,0.8072,0.7298,0.6224,0.6509,0.4487,0.2256
464,0.5292,0.5273,0.7635,0.6967,0.7821,0.5386,0.4379,0.2737
465,0.4612,0.5573,0.7382,0.7856,0.7417,0.6864,0.4145,0.2097
466,0.6147,0.452,0.7291,0.7182,0.6243,0.8217,0.3635,0.3251
467,0.4224,0.6325,0.807,0.7267,0.6631,0.6008,0.4804,0.3084
468,0.4298,0.4354,0.8589,0.7216,0.6516,0.7855,0.363,0.2639
469,0.3759,0.4839,0.7833,0.7992,0.7126,0.658,0.4123,0.1782
470,0.5185,0.6119,0.8523,0.7599,0.5838,0.6501,0.5037,0.2779
471,0.4673,0.5451,0.6225,0.7659,0.7271,0.6099,0.504,0.2981
472,0.4911,0.5699,0.7179,0.8215,0.6628,0.6605,0.4613,0.2378
473,0.4528,0.6223,0.8004,0.6247,0.6485,0.6365,0.4603,0.2768
474,0.4206,0.5736,0.8656,0.8289,0.7202,0.6998,0.4793,0.3609
475,0.6625,0.42,0.6691,0.7259,0.6665,0.5391,0.3784,0.3222
476,0.5045,0.6725,0.6571,0.7837,0.5626,0.5573,0.545,0.2874
477,0.4615,0.6897,0.8583,0.7196,0.4384,0.7422,0.5692,0.2084
478,0.4099,0.5998,0.8174,0.7818,0.7561,0.6872,0.4944,0.2246
479,0.6225,0.567,0.7411,0.6697,0.6425,0.6321,0.4628,0.2468
480,0.4846,0.5224,0.7336,0.7795,0.5217,0.5587,0.4261,0.3337
481,0.4333,0.5953,0.62,0.7686,0.5947,0.5448,0.4931,0.3025
482,0.457,0.4921,0.7683,0.7167,0.6856,0.6338,0.4166,0.2741
483,0.4151,0.8395,0.7841,0.7506,0.718,0.6048,0.6758,0.1508
484,0.6689,0.5292,0.6433,0.7095,0.6165,0.5159,0.4144,0.3363
485,0.4649,0.513,0.8058,0.7396,0.7925,0.5653,0.427,0.227
486,0.3368,0.6487,0.8193,0.7953,0.5642,0.5027,0.4654,0.187
487,0.4656,0.5781,0.5254,0.6935,0.6567,0.6526,0.3967,0.2227
488,0.4999,0.5273,0.6412,0.7953,0.6389,0.5936,0.5278,0.3032
489,0.531,0.5496,0.6102,0.6861,0.7778,0.6231,0.4809,0.2129
490,0.6495,0.4279,0.5696,0.6365,0.7501,0.6809,0.3411,0.2774
491,0.3553,0.644,0.6083,0.748,0.6104,0.4864,0.5752,0.2001
492,0.6146,0.4976,0.655,0.6896,0.5854,0.5876,0.3445,0.2461
493,0.5285,0.4598,0.5998,0.6515,0.6709,0.5301,0.4423,0.3052
494,0.6027,0.4858,0.5727,0.6639,0.5075,0.3209,0.327,0.3109
495,0.4294,0.6159,0.6336,0.5945,0.4775,0.5757,0.4679,0.2568
496,0.5875,0.4618,0.6343,0.6867,0.6559,0.5033,0.4436,0.3067
497,0.3725,0.5329,0.6405,0.6754,0.5316,0.5486,0.484,0.3596
498,0.4213,0.4652,0.5629,0.7086,0.5375,0.4518,0.4313,0.3399
499,0.672,0.3806,0.5744,0.5724,0.5241,0.425,0.3698,0.3684
500,0.7451,0.538,0.6054,0.57,0.6417,0.5151,0.5875,0.3525
501,0.6634,0.5263,0.5788,0.6145,0.5721,0.5203,0.5051,0.3247
502,0.5942,0.4431,0.5645,0.7343,0.5474,0.5983,0.3905,0.3516
503,0.5544,0.4829,0.5974,0.7798,0.5985,0.6246,0.4797,0.278
504,0.6736,0.4599,0.5716,0.6185,0.6385,0.4945,0.3746,0.3304
505,0.8224,0.3389,0.5619,0.5731,0.4689,0.4174,0.3214,0.3825
506,0.5779,0.6287,0.6625,0.7083,0.5081,0.5337,0.5593,0.2365
507,0.4508,0.3929,0.6118,0.6735,0.4673,0.5815,0.3416,0.3767
508,0.5825,0.4749,0.6718,0.7233,0.5459,0.448,0.4087,0.2439
509,0.6486,0.5169,0.7256,0.5489,0.594,0.6394,0.3949,0.2837
510,0.5358,0.4972,0.6166,0.5809,0.5482,0.5405,0.4118,0.2438
511,0.7211,0.5226,0.529,0.5347,0.4764,0.5192,0.458,0.3654
512,0.6504,0.3656,0.6209,0.5568,0.5702,0.3664,0.2823,0.4114
513,0.4835,0.6331,0.4871,0.6393,0.5374,0.6256,0.4796,0.2992
514,0.6701,0.4681,0.609,0.6664,0.4607,0.4958,0.4617,0.3353
515,0.5994,0.5058,0.624,0.6781,0.5138,0.6024,0.4958,0.349
516,0.524,0.4438,0.5998,0.6542,0.4297,0.5508,0.4416,0.342
517,0.5421,0.4554,0.6265,0.637,0.6039,0.5536,0.4417,0.2574
518,0.5145,0.5979,0.6082,0.7517,0.6277,0.611,0.5295,0.2414
519,0.6063,0.3632,0.6503,0.6004,0.5924,0.5308,0.2465,0.2894
520,0.8058,0.4444,0.5462,0.5796,0.6434,0.5406,0.3044,0.4377
521,0.6928,0.4828,0.5367,0.6936,0.5983,0.3943,0.3987,0.4758
522,0.6174,0.4391,0.5522,0.7387,0.6331,0.6011,0.3857,0.3877
523,0.5796,0.4614,0.6362,0.7056,0.6125,0.4781,0.3954,0.2583
524,0.2951,0.6983,0.5988,0.6943,0.6167,0.6153,0.6203,0.3253
525,0.5841,0.5906,0.6268,0.5982,0.637,0.3436,0.4727,0.2741
526,0.5615,0.45,0.6935,0.6937,0.5113,0.4687,0.3186,0.3636
527,0.5102,0.4398,0.6463,0.7187,0.6561,0.5361,0.3552,0.3836
528,0.5216,0.627,0.6537,0.7531,0.4923,0.5483,0.4725,0.2357
529,0.676,0.4894,0.6533,0.7502,0.5669,0.587,0.4426,0.3064
530,0.6464,0.6716,0.5067,0.5672,0.4267,0.5082,0.6273,0.2505
531,0.4356,0.4587,0.6157,0.6282,0.5664,0.4517,0.4406,0.3332
532,0.6652,0.4895,0.6647,0.6719,0.5202,0.5646,0.4557,0.3837
533,0.6967,0.3825,0.5173,0.5646,0.5542,0.4493,0.2689,0.2935
534,0.4495,0.2683,0.6059,0.7745,0.7172,0.444,0.2356,0.2709
535,0.4753,0.4416,0.6135,0.6487,0.5961,0.5712,0.3585,0.3104
536,0.3774,0.5655,0.5374,0.7555,0.5158,0.3813,0.4775,0.1706
537,0.7274,0.4666,0.6661,0.72,0.5081,0.5373,0.4243,0.3205
538,0.6343,0.4139,0.6167,0.6039,0.5803,0.5534,0.3852,0.3375
539,0.5936,0.6287,0.6573,0.6624,0.5476,0.5477,0.5098,0.1972
540,0.5026,0.6403,0.576,0.7563,0.6762,0.4223,0.5954,0.101
541,0.5668,0.6349,0.6023,0.6529,0.6357,0.3985,0.5433,0.3016
542,0.6973,0.4933,0.5414,0.5974,0.4353,0.5394,0.4206,0.2501
543,0.4622,0.572,0.6038,0.6256,0.5421,0.5024,0.4483,0.2628
544,0.6046,0.4889,0.5881,0.7756,0.723,0.4215,0.3698,0.2497
545,0.6815,0.4751,0.649,0.775,0.5881,0.5864,0.4299,0.2864
546,0.6318,0.4951,0.7214,0.6529,0.5547,0.4782,0.3747,0.2681
547,0.3385,0.5552,0.6255,0.7418,0.6212,0.5014,0.449,0.2638
548,0.6366,0.5255,0.6356,0.6424,0.4822,0.593,0.4568,0.3372
549,0.6698,0.703,0.5614,0.6187,0.4254,0.5138,0.6034,0.3104
550,0.4178,0.6229,0.663,0.7163,0.5293,0.636,0.632,0.2006
551,0.5878,0.3626,0.7221,0.5976,0.575,0.4968,0.2974,0.3402
552,0.4014,0.5354,0.596,0.7695,0.6018,0.4392,0.4315,0.3605
553,0.6594,0.4477,0.5707,0.6188,0.5046,0.3643,0.3466,0.3838
554,0.648,0.4224,0.5765,0.72,0.552,0.546,0.3292,0.3426
555,0.633,0.4171,0.5984,0.6794,0.5092,0.5085,0.39,0.2953
556,0.6368,0.5664,0.6137,0.5547,0.5376,0.548,0.5687,0.3076
557,0.7435,0.362,0.6039,0.6885,0.5079,0.5778,0.3443,0.3674
558,0.5393,0.4784,0.6943,0.6983,0.5848,0.4766,0.4086,0.3028
559,0.6973,0.5073,0.4904,0.4913,0.5234,0.3072,0.4151,0.3092
560,0.5424,0.7557,0.5132,0.832,0.5303,0.5347,0.5716,0.284
561,0.6126,0.5022,0.4784,0.6304,0.6097,0.4587,0.4856,0.3681
562,0.5571,0.6045,0.6293,0.6484,0.5912,0.5319,0.3823,0.2984
563,0.3576,0.7718,0.6902,0.7662,0.523,0.4403,0.6232,0.3103
564,0.4408,0.4436,0.7192,0.8102,0.7261,0.6404,0.4372,0.2719
565,0.2337,0.7171,0.708,0.7669,0.567,0.5094,0.5594,0.2837
566,0.6965,0.5505,0.6842,0.6354,0.6568,0.6933,0.3915,0.309
567,0.5408,0.6397,0.7643,0.8469,0.5866,0.6293,0.5479,0.2208
568,0.5932,0.5739,0.6649,0.6221,0.5604,0.5221,0.4457,0.3103
569,0.4806,0.7271,0.6443,0.7188,0.7235,0.5756,0.6195,0.2087
570,0.6016,0.6722,0.7291,0.716,0.5312,0.7082,0.6142,0.2322
571,0.5286,0.6449,0.8033,0.8762,0.5554,0.6735,0.5873,0.3451
572,0.4844,0.6593,0.6527,0.6145,0.5806,0.552,0.5075,0.2866
573,0.6277,0.5756,0.5958,0.6656,0.5682,0.5381,0.5448,0.293
574,0.416,0.5275,0.6948,0.7775,0.7187,0.7108,0.4549,0.3187
575,0.4073,0.6126,0.5956,0.695,0.8266,0.5706,0.4775,0.285
576,0.4794,0.5136,0.7718,0.7707,0.6251,0.5393,0.4211,0.3524
577,0.5302,0.3687,0.8355,0.7432,0.6602,0.6905,0.3366,0.3254
578,0.5877,0.3977,0.6199,0.7165,0.5172,0.455,0.3991,0.3097
579,0.5788,0.4582,0.6406,0.5554,0.5543,0.56,0.4006,0.3842
580,0.5896,0.7832,0.6854,0.7296,0.5104,0.5409,0.695,0.2441
581,0.5068,0.66,0.6523,0.7967,0.6121,0.5107,0.5193,0.1766
582,0.5248,0.5633,0.5842,0.5508,0.4821,0.4752,0.4338,0.3088
583,0.6068,0.4208,0.6135,0.6508,0.507,0.4938,0.381,0.298
584,0.3816,0.4831,0.6376,0.6281,0.5618,0.675,0.3417,0.2596
585,0.7788,0.5311,0.5752,0.6238,0.5908,0.6123,0.4249,0.2725
586,0.4196,0.5969,0.5289,0.6492,0.4726,0.5744,0.4819,0.2827
587,0.4706,0.5085,0.5818,0.6304,0.7703,0.6072,0.4258,0.4741
588,0.446,0.657,0.6156,0.7023,0.5098,0.6102,0.5613,0.2481
589,0.7169,0.4306,0.6382,0.6815,0.4648,0.4695,0.3687,0.3671
590,0.6753,0.5187,0.6539,0.6337,0.6345,0.5489,0.4272,0.2922
591,0.6005,0.5101,0.5962,0.7019,0.337,0.4925,0.3761,0.3505
592,0.5079,0.5255,0.6316,0.647,0.5436,0.5408,0.4256,0.2602
593,0.3942,0.5682,0.6127,0.7286,0.4284,0.5628,0.5212,0.2865
594,0.5621,0.6129,0.7509,0.6701,0.4973,0.4342,0.6088,0.3597
